,value,month,year,change
1,4238.49,6,2021,0.01885442853372965
2,4167.85,5,2021,0.016666312767046665
3,4141.18,4,2021,0.006398982688916366
4,3910.51,3,2021,0.05570151502711784
5,3883.43,2,2021,0.006924927950574311
6,3793.75,1,2021,0.023092987384863317
7,3695.31,12,2020,0.025947940691927518
8,3548.99,11,2020,0.039596136724659114
9,3418.7,10,2020,0.03671185323148274
10,3365.52,9,2020,0.015555620557521799
11,3391.71,8,2020,-0.0077818583755260295
12,3207.62,7,2020,0.05427645641873868
13,3104.66,6,2020,0.03209856529139987
14,2919.61,5,2020,0.05960395019100306
15,2761.98,4,2020,0.05399008771719516
16,2652.39,3,2020,0.03967805704603222
17,3277.31,2,2020,-0.23560637764431336
18,3278.2,1,2020,-0.0002715641791590784
19,3176.75,12,2019,0.030946861082301158
20,3104.9,11,2019,0.022617454946092685
21,2977.68,10,2019,0.040973944410448104
22,2982.16,9,2019,-0.0015045270143199119
23,2897.5,8,2019,0.028388818842717933
24,2996.11,7,2019,-0.034032786885245914
25,2890.17,6,2019,0.03535918240652047
26,2854.71,5,2019,0.012269174477625877
27,2903.8,4,2019,-0.017196142515351953
28,2803.98,3,2019,0.03437564570562712
29,2754.86,2,2019,0.017517956618806063
30,2607.39,1,2019,0.05353085093253385
31,2567.31,12,2018,0.015371693532613029
32,2723.23,11,2018,-0.06073282930382384
33,2785.46,10,2018,-0.022851540266521697
34,2901.5,9,2018,-0.04165918735146068
35,2857.82,8,2018,0.015054282267792485
36,2793.64,7,2018,0.02245767753042538
37,2754.35,6,2018,0.01406408842943252
38,2701.49,5,2018,0.019191460780220382
39,2653.63,4,2018,0.01771614923616216
40,2702.77,3,2018,-0.01851803001925667
41,2705.16,2,2018,-0.0008842779814781654
42,2789.8,1,2018,-0.03128835262978913
43,2664.34,12,2017,0.044970965660620865
44,2593.61,11,2017,0.02654691218087779
45,2557.0,10,2017,0.014115460689926418
46,2492.84,9,2017,0.025091904575674562
47,2456.22,8,2017,0.014690072367259943
48,2454.1,7,2017,0.0008631148675606326
49,2433.99,6,2017,0.008194450103907847
50,2395.35,5,2017,0.015875167934132794
51,2359.31,4,2017,0.015045817938923345
52,2366.82,3,2017,-0.0031831340519050677
53,2329.91,2,2017,0.015594764282877538
54,2275.12,1,2017,0.0235159297998635
55,2246.63,12,2016,0.012522416400013947
56,2164.99,11,2016,0.036338871999394784
57,2143.02,10,2016,0.01014785287691855
58,2157.69,9,2016,-0.006845479743539551
59,2170.95,8,2016,-0.006145461118140183
60,2148.9,7,2016,0.010156843778069358
61,2083.89,6,2016,0.03025268742147158
62,2065.55,5,2016,0.008800848413303863
63,2075.54,4,2016,-0.004836484229381988
64,2021.95,3,2016,0.025819786657929944
65,1904.42,2,2016,0.05812705556517217
66,1918.6,1,2016,-0.007445836527656624
67,2054.08,12,2015,-0.07061398936724705
68,2080.62,11,2015,-0.012920626265773505
69,2024.81,10,2015,0.026823735232767154
70,1944.41,9,2015,0.03970742933904903
71,2039.87,8,2015,-0.04909458396120159
72,2094.14,7,2015,-0.02660463656997747
73,2099.29,6,2015,-0.002459243412570311
74,2111.94,5,2015,-0.006025846833929593
75,2094.86,4,2015,0.00808735096641
76,2079.99,3,2015,0.007098326379806008
77,2082.2,2,2015,-0.001062505108197609
78,2028.18,1,2015,0.025943713380078615
79,2054.27,12,2014,-0.012863749765799737
80,2044.57,11,2014,0.004721872003193406
81,1937.27,10,2014,0.052480472666624256
82,1993.23,9,2014,-0.02888600969405397
83,1961.53,8,2014,0.015903834479713885
84,1973.1,7,2014,-0.0058984568168725104
85,1947.09,6,2014,0.013182301961380594
86,1889.77,5,2014,0.02943880354785855
87,1864.26,4,2014,0.013498997232467391
88,1863.52,3,2014,0.00039694034093962216
89,1817.04,2,2014,0.024942045161844284
90,1822.36,1,2014,-0.0029278386826927516
91,1807.78,12,2013,0.008000614587677424
92,1783.54,11,2013,0.013408711236986837
93,1720.03,10,2013,0.0356089574666113
94,1687.17,9,2013,0.01910431794794276
95,1670.09,8,2013,0.010123461180556848
96,1668.68,7,2013,0.000844265877886774
97,1618.77,6,2013,0.029909868878394974
98,1639.84,5,2013,-0.013016055400087767
99,1570.7,4,2013,0.04216265001463548
100,1550.83,3,2013,0.01265041064493544
101,1512.31,2,2013,0.02483831238756018
102,1480.4,1,2013,0.02110017126118313
103,1422.29,12,2012,0.03925290462037301
104,1394.51,11,2012,0.01953188168376352
105,1437.82,10,2012,-0.031057504069529784
106,1443.42,9,2012,-0.003894785160868608
107,1403.45,8,2012,0.0276911778969392
108,1359.78,7,2012,0.031116177989953364
109,1323.48,6,2012,0.026695494859462543
110,1341.27,5,2012,-0.013441835161845939
111,1386.43,4,2012,-0.033669581814250726
112,1389.24,3,2012,-0.002026788225875098
113,1352.49,2,2012,0.02645331260257411
114,1300.58,1,2012,0.03838106011874398
115,1243.32,12,2011,0.044026511248827394
116,1226.42,11,2011,0.013592639063153333
117,1207.22,10,2011,0.015655321994096694
118,1173.88,9,2011,0.027617170027004145
119,1185.31,8,2011,-0.009736940743517053
120,1325.19,7,2011,-0.11801132193265906
121,1287.29,6,2011,0.02859967249979256
122,1338.31,5,2011,-0.03963364898352362
123,1331.51,4,2011,0.005081035036725412
124,1304.49,3,2011,0.020292750336084575
125,1321.12,2,2011,-0.012748277104462247
126,1282.62,1,2011,0.029141940171975245
127,1241.53,12,2010,0.032035988835352525
128,1198.89,11,2010,0.03434471982151044
129,1171.58,10,2010,0.022779404282294635
130,1122.08,9,2010,0.04225063589340894
131,1087.28,8,2010,0.03101383145586767
132,1079.8,7,2010,0.006879552645132847
133,1083.36,6,2010,-0.003296906834598934
134,1125.06,5,2010,-0.038491360212671744
135,1197.32,4,2010,-0.06422768563454384
136,1152.05,3,2010,0.03780944108508999
137,1089.16,2,2010,0.054589644546677585
138,1123.58,1,2010,-0.03160233574497773
139,1110.38,12,2009,0.01174816212463714
140,1088.07,11,2009,0.020092220681208417
141,1067.66,10,2009,0.01875798432086162
142,1044.55,9,2009,0.021645467658243378
143,1009.73,8,2009,0.03333492891675838
144,935.82,7,2009,0.07319778554663126
145,926.12,6,2009,0.010365241178859286
146,902.41,5,2009,0.02560143393944636
147,848.15,4,2009,0.06012787978856615
148,757.13,3,2009,0.107315922890998
149,805.23,2,2009,-0.0635293806875965
150,865.58,1,2009,-0.07494753051923064
151,877.56,12,2008,-0.013840430693869976
152,883.04,11,2008,-0.0062445872646885725
153,968.8,10,2008,-0.09711904330494647
154,1216.95,9,2008,-0.2561416184971099
155,1281.47,8,2008,-0.05301779037758325
156,1257.33,7,2008,0.018837741031783928
157,1341.25,6,2008,-0.06674460960925144
158,1403.22,5,2008,-0.04620316868592722
159,1370.47,4,2008,0.023339177035675118
160,1316.94,3,2008,0.03905959269447701
161,1354.87,2,2008,-0.028801615867085628
162,1378.76,1,2008,-0.01763268800696749
163,1479.22,12,2007,-0.07286257216629433
164,1463.39,11,2007,0.010701585970984695
165,1539.66,10,2007,-0.052118710664962764
166,1497.12,9,2007,0.027629476637699324
167,1454.62,8,2007,0.0283878379822593
168,1520.71,7,2007,-0.045434546479492965
169,1514.19,6,2007,0.004287470983948327
170,1511.14,5,2007,0.0020142782609844367
171,1463.64,4,2007,0.03143322260015613
172,1406.95,3,2007,0.03873220190757298
173,1444.8,2,2007,-0.02690216425601477
174,1424.16,1,2007,0.014285714285714235
175,1416.42,12,2006,0.005434782608695676
176,1388.64,11,2006,0.01961282670394371
177,1363.38,10,2006,0.01819045973038369
178,1317.74,9,2006,0.03347562675116267
179,1287.15,8,2006,0.023213987584804197
180,1260.24,7,2006,0.02090665423610305
181,1253.17,6,2006,0.005610042531581261
182,1290.01,5,2006,-0.02939744807169009
183,1302.17,4,2006,-0.00942628351718211
184,1293.74,3,2006,0.006473809103266115
185,1276.65,2,2006,0.013209763940204344
186,1278.73,1,2006,-0.0016292640896093946
187,1262.07,12,2005,0.013028551766205543
188,1237.37,11,2005,0.019571022209544653
189,1191.96,10,2005,0.03669880472292031
190,1225.92,9,2005,-0.028490888956005156
191,1224.27,8,2005,0.001345927956147297
192,1222.24,7,2005,0.0016581309678420642
193,1202.25,6,2005,0.016355216651394167
194,1178.28,5,2005,0.019937616968184635
195,1164.43,4,2005,0.011754421699426199
196,1194.9,3,2005,-0.026167309327310484
197,1199.63,2,2005,-0.003958490250230096
198,1181.41,1,2005,0.015188016305027419
199,1199.21,12,2004,-0.015066742282526802
200,1168.94,11,2004,0.025241617398120364
201,1117.21,10,2004,0.04425376837134498
202,1117.66,9,2004,-0.0004027890906812548
203,1088.94,8,2004,0.025696544566326085
204,1105.85,7,2004,-0.015528862930923593
205,1132.76,6,2004,-0.02433422254374462
206,1102.78,5,2004,0.026466330025777807
207,1133.36,4,2004,-0.027729918932153153
208,1123.98,3,2004,0.008276275852332815
209,1143.36,2,2004,-0.017242299685047646
210,1132.52,1,2004,0.009480828435488364
211,1080.64,12,2003,0.04580934553032168
212,1049.9,11,2003,0.028446106011252636
213,1038.73,10,2003,0.010639108486522608
214,1019.44,9,2003,0.0185707546715701
215,989.53,8,2003,0.029339637448010714
216,992.54,7,2003,-0.003041848150131976
217,988.0,6,2003,0.0045741229572611175
218,935.96,5,2003,0.05267206477732789
219,890.03,4,2003,0.04907260994059581
220,846.63,3,2003,0.04876240126737297
221,837.03,2,2003,0.011339073739413896
222,895.84,1,2003,-0.07026032519742431
223,899.18,12,2002,-0.003728344347204704
224,909.93,11,2002,-0.011955337084899487
225,854.63,10,2002,0.0607739056850527
226,867.81,9,2002,-0.015421878473725448
227,912.55,8,2002,-0.05155506389647502
228,903.59,7,2002,0.009818640074516383
229,1014.02,6,2002,-0.12221250788521343
230,1079.25,5,2002,-0.06432811976095154
231,1111.93,4,2002,-0.030280287236506886
232,1153.79,3,2002,-0.03764625471027849
233,1100.67,2,2002,0.04603957392593094
234,1140.21,1,2002,-0.03592357382321665
235,1144.93,12,2001,-0.004139588321449672
236,1129.68,11,2001,0.013319591590752244
237,1076.59,10,2001,0.046995609376106584
238,1044.64,9,2001,0.029677035826080278
239,1178.5,8,2001,-0.1281398376474192
240,1204.45,7,2001,-0.022019516334323308
241,1238.71,6,2001,-0.028444518244842065
242,1270.37,5,2001,-0.025558847510716687
243,1189.84,4,2001,0.06339098058046078
244,1185.85,3,2001,0.0033533920527130112
245,1305.75,2,2001,-0.10110890922123383
246,1335.63,1,2001,-0.022883400344629656
247,1330.93,12,2000,0.003518938628212953
248,1378.04,11,2000,-0.03539630183405573
249,1390.14,10,2000,-0.008780586920553946
250,1468.05,9,2000,-0.05604471492079921
251,1485.46,8,2000,-0.01185926909846402
252,1473.0,7,2000,0.008387974095566353
253,1461.96,6,2000,0.007494908350305529
254,1418.48,5,2000,0.029740895783742394
255,1461.36,4,2000,-0.03022954148102186
256,1442.21,3,2000,0.013104231674604394
257,1388.87,2,2000,0.03698490511090624
258,1425.59,1,2000,-0.026438759567130043
259,1428.68,12,1999,-0.002167523621798839
260,1391.0,11,1999,0.02637399557633624
261,1300.01,10,1999,0.0654133716750539
262,1318.17,9,1999,-0.013969123314436116
263,1327.49,8,1999,-0.0070704082174528615
264,1380.99,7,1999,-0.04030162185779185
265,1322.55,6,1999,0.04231746790346058
266,1332.07,5,1999,-0.007198215568409605
267,1334.76,4,1999,-0.002019413394191094
268,1281.66,3,1999,0.0397824327969073
269,1246.58,2,1999,0.027370753553984772
270,1248.77,1,1999,-0.001756806622920326
271,1190.05,12,1998,0.04702226991359504
272,1144.43,11,1998,0.038334523759505856
273,1032.47,10,1998,0.09783036096572095
274,1020.64,9,1998,0.011457960037579817
275,1074.62,8,1998,-0.05288838375920979
276,1156.58,7,1998,-0.07626882060635398
277,1108.39,6,1998,0.0416659461515847
278,1108.42,5,1998,-2.706628533277744e-05
279,1112.2,4,1998,-0.0034102596488694292
280,1076.83,3,1998,0.03180183420248173
281,1023.74,2,1998,0.049302118254506255
282,963.36,1,1998,0.058979819094691965
283,962.37,12,1997,0.0010276532137518668
284,938.92,11,1997,0.024366927481114353
285,951.16,10,1997,-0.013036254419971804
286,937.02,9,1997,0.014866058286723605
287,927.24,8,1997,0.010437343920087105
288,925.29,7,1997,0.002103015400543584
289,876.29,6,1997,0.05295637043521495
290,833.09,5,1997,0.049298748131326287
291,763.93,4,1997,0.08301624074229685
292,792.16,3,1997,-0.036953647585511895
293,798.39,2,1997,-0.007864572813573112
294,766.22,1,1997,0.04029359085158879
295,743.25,12,1996,0.029978335203988404
296,735.67,11,1996,0.010198452741338793
297,701.46,10,1996,0.04650182826539062
298,674.88,9,1996,0.03789239586006332
299,662.68,8,1996,0.018077287814129983
300,644.07,7,1996,0.028082935957022825
301,668.5,6,1996,-0.037930659710900816
302,661.23,5,1996,0.010875093492894505
303,647.17,4,1996,0.02126340305188823
304,647.07,3,1996,0.0001545189053879792
305,649.54,2,1996,-0.003817206793700789
306,614.42,1,1996,0.054069033469840155
307,614.57,12,1995,-0.00024413267797296356
308,595.53,11,1995,0.03098101111346152
309,582.92,10,1995,0.021174416066361057
310,578.77,9,1995,0.007119330268304358
311,559.11,8,1995,0.03396858855849472
312,557.37,7,1995,0.003112088855502515
313,539.35,6,1995,0.03233040888458294
314,523.81,5,1995,0.028812459441921012
315,507.91,4,1995,0.03035451785952903
316,493.15,3,1995,0.029060266582662364
317,481.92,2,1995,0.02277197607218895
318,465.25,1,1995,0.03459080345285526
319,455.19,12,1994,0.02162278344975821
320,461.01,11,1994,-0.012785869636855018
321,463.81,10,1994,-0.006073620962669057
322,466.96,9,1994,-0.006791574135960765
323,464.24,8,1994,0.005824910056535848
324,451.4,7,1994,0.027658107875237037
325,454.83,6,1994,-0.007598582188746095
326,450.9,5,1994,0.00864059099004022
327,447.23,4,1994,0.00813927700155237
328,463.81,3,1994,-0.037072647183775675
329,471.58,2,1994,-0.016752549535369976
330,472.99,1,1994,-0.0029899486831503896
331,465.95,12,1993,0.01488403560328977
332,462.89,11,1993,0.006567228243373746
333,463.9,10,1993,-0.0021819438743546637
334,459.24,9,1993,0.010045268376805305
335,454.13,8,1993,0.011127079522689654
336,447.29,7,1993,0.015061766454539383
337,448.06,6,1993,-0.0017214782355965408
338,445.25,5,1993,0.006271481498013709
339,443.08,4,1993,0.004873666479505934
340,450.16,3,1993,-0.01597905570100222
341,441.7,2,1993,0.018793317931402265
342,435.23,1,1993,0.014647951098030298
343,435.64,12,1992,-0.0009420306504606124
344,422.84,11,1992,0.029382058580479375
345,412.5,10,1992,0.024453694068678367
346,418.48,9,1992,-0.014496969696969675
347,417.93,8,1992,0.0013142802523418151
348,415.05,7,1992,0.006891106166104333
349,408.27,6,1992,0.01633538127936396
350,414.81,5,1992,-0.016018811080902307
351,407.41,4,1992,0.017839492779826882
352,407.36,3,1992,0.0001227264917404991
353,412.56,2,1992,-0.012765121759622966
354,416.08,1,1992,-0.008532092301725802
355,388.51,12,1991,0.0662612959046337
356,385.92,11,1991,0.006666495070911882
357,386.88,10,1991,-0.0024875621890547706
358,387.2,9,1991,-0.0008271298593878207
359,389.4,8,1991,-0.005681818181818121
360,380.23,7,1991,0.0235490498202362
361,378.29,6,1991,0.0051021749993425125
362,377.99,5,1991,0.0007930423748976345
363,379.68,4,1991,-0.004471017751792372
364,372.28,3,1991,0.019490096923725386
365,362.26,2,1991,0.026915225099387485
366,325.49,1,1991,0.10150168387346103
367,328.75,12,1990,-0.010015668684137724
368,315.29,11,1990,0.040942965779467655
369,307.12,10,1990,0.02591265184433389
370,315.41,9,1990,-0.02699270643396723
371,330.75,8,1990,-0.04863510985701147
372,360.03,7,1990,-0.0885260770975056
373,360.39,6,1990,-0.0009999166736105458
374,350.25,5,1990,0.028136185798718016
375,338.18,4,1990,0.034461099214846524
376,338.46,3,1990,-0.0008279614406527802
377,330.45,2,1990,0.02366601666371204
378,339.97,1,1990,-0.02880919957633532
379,348.6,12,1989,-0.02538459275818461
380,340.2,11,1989,0.024096385542168752
381,347.4,10,1989,-0.021164021164021163
382,347.3,9,1989,0.0002878526194587394
383,346.6,8,1989,0.0020155485171321486
384,331.9,7,1989,0.042412002308136354
385,323.7,6,1989,0.02470623681831874
386,313.9,5,1989,0.03027494593759661
387,302.3,4,1989,0.03695444409047455
388,292.7,3,1989,0.031756533245120844
389,294.0,2,1989,-0.004441407584557577
390,285.4,1,1989,0.029251700680272164
391,276.5,12,1988,0.03118430273300621
392,271.0,11,1988,0.019891500904159143
393,277.4,10,1988,-0.023616236162361526
394,268.0,9,1988,0.0338860850757029
395,263.7,8,1988,0.016044776119403026
396,269.1,7,1988,-0.020477815699658786
397,270.7,6,1988,-0.0059457450761797315
398,256.1,5,1988,0.05393424455116358
399,262.6,4,1988,-0.025380710659898442
400,265.7,3,1988,-0.01180502665651173
401,258.1,2,1988,0.02860368837034233
402,250.5,1,1988,0.02944595118171256
403,241.0,12,1987,0.03792415169660679
404,245.0,11,1987,-0.016597510373443924
405,280.2,10,1987,-0.14367346938775505
406,318.7,9,1987,-0.13740185581727338
407,329.4,8,1987,-0.033573893944148114
408,310.1,7,1987,0.05859137826350924
409,301.4,6,1987,0.028055465978716665
410,289.1,5,1987,0.04080955540809539
411,289.3,4,1987,-0.0006918021445865286
412,292.5,3,1987,-0.011061182163843775
413,280.9,2,1987,0.03965811965811972
414,264.5,1,1987,0.05838376646493404
415,248.6,12,1986,0.06011342155009458
416,245.1,11,1986,0.014078841512469853
417,237.4,10,1986,0.031415748674010535
418,238.3,9,1986,-0.0037910699241785473
419,245.0,8,1986,-0.0281158203944607
420,240.2,7,1986,0.01959183673469389
421,245.3,6,1986,-0.02123230641132401
422,238.5,5,1986,0.027721157766000815
423,238.0,4,1986,0.002096436058700246
424,232.3,3,1986,0.023949579831932688
425,219.4,2,1986,0.0555316401205338
426,208.2,1,1986,0.05104831358249784
427,207.3,12,1985,0.004322766570605041
428,197.5,11,1985,0.047274481427882376
429,186.2,10,1985,0.05721518987341778
430,184.1,9,1985,0.011278195488721776
431,188.3,8,1985,-0.02281368821292795
432,192.5,7,1985,-0.022304832713754497
433,188.9,6,1985,0.018701298701298663
434,184.9,5,1985,0.021175224986765495
435,180.6,4,1985,0.023255813953488413
436,179.4,3,1985,0.006644518272425182
437,180.9,2,1985,-0.008361204013378032
438,171.6,1,1985,0.05140961857379778
439,164.5,12,1984,0.04137529137529139
440,166.3,11,1984,-0.01094224924012166
441,164.8,10,1984,0.009019843656043247
442,166.1,9,1984,-0.007888349514562965
443,164.4,8,1984,0.010234798314268434
444,151.1,7,1984,0.08090024330900247
445,153.1,6,1984,-0.013236267372600974
446,156.6,5,1984,-0.02286087524493796
447,157.6,4,1984,-0.0063856960408683605
448,157.4,3,1984,0.0012690355329948444
449,157.3,2,1984,0.0006353240152477957
450,166.4,1,1984,-0.05785123966942152
451,164.4,12,1983,0.012019230769230727
452,165.2,11,1983,-0.0048661800486617945
453,167.7,10,1983,-0.015133171912832921
454,167.2,9,1983,0.0029815146094215317
455,162.4,8,1983,0.028708133971291794
456,167.0,7,1983,-0.028325123152709297
457,166.4,6,1983,0.003592814371257469
458,164.1,5,1983,0.013822115384615419
459,157.7,4,1983,0.039000609384521656
460,151.9,3,1983,0.036778693722257394
461,146.8,2,1983,0.03357472021066488
462,144.3,1,1983,0.017029972752043543
463,139.4,12,1982,0.03395703395703398
464,138.1,11,1982,0.009325681492109106
465,132.7,10,1982,0.03910209992758873
466,122.4,9,1982,0.07761868877166533
467,109.7,8,1982,0.10375816993464049
468,109.4,7,1982,0.0027347310847766204
469,109.7,6,1982,-0.002742230347349217
470,116.4,5,1982,-0.061075660893345596
471,116.3,4,1982,0.00085910652920973
472,110.8,3,1982,0.047291487532244214
473,114.5,2,1982,-0.03339350180505418
474,117.3,1,1982,-0.024454148471615644
475,123.8,12,1981,-0.05541346973572048
476,122.9,11,1981,0.007269789983844865
477,119.8,10,1981,0.02522375915378361
478,118.3,9,1981,0.012520868113522488
479,129.6,8,1981,-0.0955198647506339
480,129.1,7,1981,0.0038580246913579863
481,132.3,6,1981,-0.02478698683191327
482,131.7,5,1981,0.0045351473922904395
483,134.4,4,1981,-0.0205011389521641
484,133.2,3,1981,0.008928571428571508
485,128.4,2,1981,0.03603603603603589
486,133.0,1,1981,-0.03582554517133962
487,133.5,12,1980,-0.003759398496240518
488,135.7,11,1980,-0.016479400749063622
489,130.2,10,1980,0.040530582166543816
490,126.5,9,1980,0.02841781874039928
491,123.5,8,1980,0.02371541501976282
492,119.8,7,1980,0.029959514170040502
493,114.6,6,1980,0.04340567612687818
494,107.7,5,1980,0.060209424083769614
495,103.0,4,1980,0.04363974001857007
496,104.7,3,1980,-0.01650485436893212
497,115.3,2,1980,-0.10124164278892067
498,110.9,1,1980,0.03816131830008662
499,107.8,12,1979,0.027953110910730494
500,103.7,11,1979,0.03803339517625226
501,104.5,10,1979,-0.0077145612343296754
502,108.6,9,1979,-0.03923444976076551
503,107.4,8,1979,0.011049723756905938
504,102.7,7,1979,0.043761638733705754
505,101.7,6,1979,0.009737098344693274
506,99.73,5,1979,0.019370698131760067
507,102.1,4,1979,-0.023764163240749925
508,100.1,3,1979,0.019588638589618013
509,98.23,2,1979,0.018681318681318615
510,99.71,1,1979,-0.015066680240252373
511,96.11,12,1978,0.03610470364055751
512,94.71,11,1978,0.014566642388929463
513,100.6,10,1978,-0.06218984267764749
514,103.9,9,1978,-0.032803180914513064
515,103.9,8,1978,-0.0
516,97.19,7,1978,0.06458132820019258
517,97.66,6,1978,-0.004835888465891447
518,97.41,5,1978,0.0025599016997747137
519,92.71,4,1978,0.0482496663586901
520,88.82,3,1978,0.041958796246359675
521,88.98,2,1978,-0.0018013960819636132
522,90.25,1,1978,-0.014272870307934227
523,93.82,12,1977,-0.03955678670360108
524,94.28,11,1977,-0.004903005755702461
525,93.74,10,1977,0.005727619855748878
526,96.23,9,1977,-0.026562833368892758
527,97.75,8,1977,-0.015795489971942134
528,100.2,7,1977,-0.025063938618925752
529,99.29,6,1977,0.009081836327345272
530,98.76,5,1977,0.005337899083492803
531,99.05,4,1977,-0.0029364115026324633
532,100.6,3,1977,-0.015648662291771753
533,101.0,2,1977,-0.003976143141153132
534,103.8,1,1977,-0.027722772277227747
535,104.7,12,1976,-0.00867052023121384
536,101.2,11,1976,0.03342884431709647
537,101.9,10,1976,-0.006916996047430901
538,105.5,9,1976,-0.03532875368007837
539,103.3,8,1976,0.020853080568720372
540,104.2,7,1976,-0.00871248789932233
541,101.8,6,1976,0.02303262955854135
542,101.2,5,1976,0.005893909626718985
543,101.9,4,1976,-0.006916996047430901
544,101.1,3,1976,0.007850834151128638
545,100.6,2,1976,0.004945598417408492
546,96.86,1,1976,0.03717693836978131
547,88.7,12,1975,0.0842453024984513
548,90.07,11,1975,-0.01544532130777898
549,88.57,10,1975,0.016653713778172485
550,84.67,9,1975,0.04403296827368175
551,85.71,8,1975,-0.012282980985000469
552,92.49,7,1975,-0.07910395519775992
553,92.4,6,1975,0.0009730781706128733
554,90.1,5,1975,0.024891774891774965
555,84.72,4,1975,0.05971143174250826
556,83.78,3,1975,0.011095372993389918
557,80.1,2,1975,0.04392456433516356
558,72.56,1,1975,0.09413233458177273
559,67.07,12,1974,0.07566152149944882
560,71.74,11,1974,-0.06962874608617864
561,69.44,10,1974,0.03206021745190968
562,68.12,9,1974,0.019009216589861655
563,76.03,8,1974,-0.1161186142102173
564,79.31,7,1974,-0.04314086544784956
565,89.79,6,1974,-0.13213970495523908
566,89.67,5,1974,0.0013364517206816418
567,92.46,4,1974,-0.03111408497825341
568,97.44,3,1974,-0.0538611291369242
569,93.45,2,1974,0.04094827586206895
570,96.11,1,1974,-0.028464419475655367
571,94.78,12,1973,0.0138383102694829
572,102.0,11,1973,-0.07617640852500518
573,109.8,10,1973,-0.07647058823529407
574,105.6,9,1973,0.03825136612021862
575,103.8,8,1973,0.017045454545454475
576,105.8,7,1973,-0.019267822736030782
577,104.8,6,1973,0.009451795841209809
578,107.2,5,1973,-0.022900763358778775
579,110.3,4,1973,-0.02891791044776104
580,112.4,3,1973,-0.01903898458748876
581,114.2,2,1973,-0.016014234875444844
582,118.4,1,1973,-0.03677758318739066
583,117.5,12,1972,0.007601351351351426
584,115.1,11,1972,0.020425531914893713
585,109.6,10,1972,0.04778453518679404
586,109.4,9,1972,0.0018248175182480342
587,111.0,8,1972,-0.014625228519195455
588,107.2,7,1972,0.03423423423423422
589,108.0,6,1972,-0.00746268656716409
590,107.7,5,1972,0.002777777777777768
591,108.8,4,1972,-0.01021355617455888
592,107.7,3,1972,0.010110294117646967
593,105.2,2,1972,0.0232126276694522
594,103.3,1,1972,0.018060836501901156
595,99.17,12,1971,0.03998063891577919
596,92.78,11,1971,0.06443480891398612
597,97.29,10,1971,-0.04860961414097864
598,99.4,9,1971,-0.021687737691437947
599,97.24,8,1971,0.021730382293762673
600,99.0,7,1971,-0.018099547511312375
601,99.72,6,1971,-0.0072727272727273196
602,101.6,5,1971,-0.01885278780585642
603,103.0,4,1971,-0.013779527559055094
604,99.6,3,1971,0.03300970873786413
605,97.11,2,1971,0.02499999999999991
606,93.49,1,1971,0.03727731438574822
607,90.05,12,1970,0.03679537918493958
608,84.28,11,1970,0.06407551360355357
609,84.37,10,1970,-0.0010678690080683229
610,82.58,9,1970,0.021216072063529712
611,77.92,8,1970,0.05643012836037775
612,75.72,7,1970,0.02823408624229984
613,75.59,6,1970,0.0017168515583728672
614,76.06,5,1970,-0.0062177536711205406
615,85.95,4,1970,-0.1300289245332633
616,88.65,3,1970,-0.03141361256544495
617,87.16,2,1970,0.01680767061477728
618,90.31,1,1970,-0.036140431390546235
619,91.11,12,1969,-0.00885837670246925
620,96.21,11,1969,-0.055976292393809635
621,95.52,10,1969,0.007171811661989325
622,94.51,9,1969,0.010573701842546024
623,94.18,8,1969,0.0034916940006348707
624,94.71,7,1969,-0.0056275217668293465
625,99.14,6,1969,-0.04677436384753464
626,104.6,5,1969,-0.055073633245914744
627,101.3,4,1969,0.031548757170172026
628,99.3,3,1969,0.019743336623889385
629,101.5,2,1969,-0.022155085599194324
630,102.0,1,1969,-0.0049261083743843415
631,106.5,12,1968,-0.044117647058823595
632,105.4,11,1968,0.010328638497652531
633,103.8,10,1968,0.015180265654649028
634,101.3,9,1968,0.024084778420038533
635,98.11,8,1968,0.031490621915103656
636,100.3,7,1968,-0.022321883600040726
637,100.5,6,1968,-0.001994017946161497
638,97.87,5,1968,0.026169154228855684
639,95.67,4,1968,0.022478798406048828
640,89.09,3,1968,0.0687780913557019
641,90.75,2,1968,-0.018632843192277537
642,95.04,1,1968,-0.047272727272727355
643,95.3,12,1967,-0.0027356902356900914
644,92.66,11,1967,0.02770199370409232
645,95.66,10,1967,-0.03237642995898993
646,95.81,9,1967,-0.0015680535228936865
647,94.49,8,1967,0.013777267508610858
648,93.01,7,1967,0.015663033125198345
649,91.43,6,1967,0.01698742070745074
650,92.59,5,1967,-0.01268730176090993
651,90.96,4,1967,0.017604492925802018
652,89.42,3,1967,0.016930518909410663
653,87.36,2,1967,0.023037351822858487
654,84.45,1,1967,0.03331043956043955
655,81.33,12,1966,0.03694493783303732
656,80.99,11,1966,0.004180499200787002
657,77.13,10,1966,0.0476602049635757
658,77.81,9,1966,-0.008816284195514168
659,80.65,8,1966,-0.03649916463179537
660,85.84,7,1966,-0.06435213887166769
661,86.06,6,1966,-0.002562907735321529
662,86.78,5,1966,-0.008366256100394986
663,91.6,4,1966,-0.05554275178612578
664,88.88,3,1966,0.029694323144104806
665,92.69,2,1966,-0.042866786678667834
666,93.32,1,1966,-0.006796849714100661
667,91.73,12,1965,0.01703814830690087
668,92.15,11,1965,-0.004578654747628974
669,91.39,10,1965,0.008247422680412453
670,89.38,9,1965,0.02199365357260097
671,86.49,8,1965,0.0323338554486462
672,84.91,7,1965,0.018268007862180635
673,85.04,6,1965,-0.00153103285832068
674,89.28,5,1965,-0.049858889934148554
675,87.97,4,1965,0.01467293906810041
676,86.83,3,1965,0.01295896328293733
677,86.75,2,1965,0.0009213405505009709
678,86.12,1,1965,0.00726224783861662
679,83.96,12,1964,0.025081281932187727
680,85.44,11,1964,-0.01762744163887575
681,84.85,10,1964,0.0069054307116105385
682,83.41,9,1964,0.016971125515615748
683,82.0,8,1964,0.01690444790792467
684,83.22,7,1964,-0.014878048780487818
685,80.24,6,1964,0.03580869983177126
686,80.72,5,1964,-0.005982053838484491
687,79.94,4,1964,0.009663032705649166
688,78.8,3,1964,0.01426069552164122
689,77.39,2,1964,0.017893401015228405
690,76.45,1,1964,0.012146272128181868
691,74.17,12,1963,0.02982341399607591
692,72.62,11,1963,0.020897937171363012
693,73.03,10,1963,-0.005645827595703645
694,72.85,9,1963,0.0024647405175955983
695,70.98,8,1963,0.025669183253259953
696,69.07,7,1963,0.026908988447450155
697,70.11,6,1963,-0.01505718835963532
698,70.14,5,1963,-0.00042789901583217826
699,68.76,4,1963,0.019674935842600494
700,65.67,3,1963,0.04493891797556726
701,65.92,2,1963,-0.0038069133546521083
702,65.06,1,1963,0.013046116504854322
703,62.64,12,1962,0.03719643406086692
704,60.04,11,1962,0.04150702426564501
705,56.17,10,1962,0.06445702864756819
706,58.0,9,1962,-0.03257966886238206
707,58.52,8,1962,-0.008965517241379395
708,56.97,7,1962,0.026486671223513447
709,55.63,6,1962,0.023521151483236746
710,62.99,5,1962,-0.13230271436275398
711,68.05,4,1962,-0.08033021114462602
712,70.29,3,1962,-0.03291697281410744
713,70.22,2,1962,0.0009958742353110006
714,69.07,1,1962,0.016377100541156486
715,71.74,12,1961,-0.038656435500217246
716,71.08,11,1961,0.009199888486200125
717,68.0,10,1961,0.043331457512661764
718,67.26,9,1961,0.010882352941176343
719,67.79,8,1961,-0.007879869164436615
720,65.44,7,1961,0.03466587992329262
721,65.62,6,1961,-0.002750611246943979
722,66.5,5,1961,-0.013410545565376353
723,65.83,4,1961,0.010075187969924793
724,64.12,3,1961,0.025975998784748544
725,62.17,2,1961,0.030411728009981376
726,59.72,1,1961,0.039408074634067924
727,56.8,12,1960,0.0488948425987944
728,55.47,11,1960,0.023415492957746475
729,53.73,10,1960,0.03136830719307737
730,54.81,9,1960,-0.0201005025125629
731,56.51,8,1960,-0.031016237912789624
732,55.84,7,1960,0.011856308617943623
733,57.26,6,1960,-0.025429799426933908
734,55.22,5,1960,0.03562696472231919
735,55.73,4,1960,-0.009235784136182534
736,55.02,3,1960,0.01273999641126855
737,55.78,2,1960,-0.013813158851326834
738,58.03,1,1960,-0.04033703836500546
739,59.06,12,1959,-0.017749439944856116
740,57.23,11,1959,0.030985438537081023
741,57.0,10,1959,0.004018871221387332
742,57.05,9,1959,-0.0008771929824560321
743,59.4,8,1959,-0.04119193689745848
744,59.74,7,1959,-0.005723905723905798
745,57.46,6,1959,0.038165383327753655
746,57.96,5,1959,-0.00870170553428462
747,57.1,4,1959,0.014837819185645307
748,56.16,3,1959,0.01646234676007019
749,54.77,2,1959,0.024750712250712126
750,55.62,1,1959,-0.015519444951615835
751,53.49,12,1958,0.03829557713052856
752,52.5,11,1958,0.01850813236118909
753,50.95,10,1958,0.029523809523809508
754,48.96,9,1958,0.03905789990186459
755,47.7,8,1958,0.025735294117646967
756,45.98,7,1958,0.036058700209643746
757,44.75,6,1958,0.02675076120052189
758,43.7,5,1958,0.02346368715083791
759,42.34,4,1958,0.03112128146453086
760,42.11,3,1958,0.005432215399149842
761,41.26,2,1958,0.020185229161719387
762,41.12,1,1958,0.0033931168201648543
763,40.33,12,1957,0.01921206225680927
764,40.35,11,1957,-0.0004959087527895978
765,41.24,10,1957,-0.022057001239157437
766,43.98,9,1957,-0.06644034917555763
767,45.84,8,1957,-0.04229195088676696
768,48.51,7,1957,-0.058246073298429124
769,47.55,6,1957,0.019789734075448373
770,46.78,5,1957,0.016193480546792816
771,45.05,4,1957,0.03698161607524597
772,44.03,3,1957,0.022641509433962148
773,43.47,2,1957,0.012718600953895098
774,45.43,1,1957,-0.04508856682769724
775,46.44,12,1956,-0.02223200528285263
776,45.76,11,1956,0.01464254952627042
777,46.24,10,1956,-0.010489510489510634
778,46.84,9,1956,-0.012975778546712835
779,48.49,8,1956,-0.035226302305721546
780,48.78,7,1956,-0.005980614559703001
781,46.27,6,1956,0.05145551455514552
782,46.54,5,1956,-0.005835314458612295
783,48.05,4,1956,-0.032445208422861915
784,47.49,3,1956,0.011654526534859433
785,44.43,2,1956,0.06443461781427673
786,44.15,1,1956,0.0063020481656538285
787,45.37,12,1955,-0.027633069082672712
788,44.95,11,1955,0.009257218426272695
789,42.11,10,1955,0.06318131256952175
790,44.34,9,1955,-0.05295654238898129
791,42.43,8,1955,0.04307622913847553
792,42.69,7,1955,-0.006127739806740529
793,39.78,6,1955,0.0681658468025298
794,37.6,5,1955,0.05480140774258424
795,37.76,4,1955,-0.004255319148936065
796,36.5,3,1955,0.033368644067796605
797,36.79,2,1955,-0.007945205479451989
798,35.6,1,1955,0.03234574612666474
799,34.97,12,1954,0.01769662921348325
800,33.44,11,1954,0.043751787246211093
801,32.18,10,1954,0.037679425837320535
802,31.45,9,1954,0.02268489745183344
803,30.73,8,1954,0.02289348171701111
804,30.13,7,1954,0.019524894240156243
805,28.96,6,1954,0.03883172917358113
806,28.73,5,1954,0.007941988950276313
807,27.63,4,1954,0.03828750435085282
808,26.57,3,1954,0.038364096996018726
809,26.02,2,1954,0.020700037636432134
810,25.46,1,1954,0.021521906225979937
811,24.83,12,1953,0.024744697564807683
812,24.5,11,1953,0.013290374546918948
813,23.97,10,1953,0.021632653061224527
814,23.27,9,1953,0.029203170629954034
815,24.39,8,1953,-0.04813064030941128
816,24.29,7,1953,0.00410004100041006
817,23.95,6,1953,0.013997529847673884
818,24.84,5,1953,-0.03716075156576193
819,24.71,4,1953,0.005233494363929059
820,25.99,3,1953,-0.05180089032780244
821,25.86,2,1953,0.005001923816852605
822,26.18,1,1953,-0.012374323279195742
823,26.04,12,1952,0.005347593582887722
824,25.03,11,1952,0.038786482334869365
825,24.26,10,1952,0.030763084298841337
826,24.78,9,1952,-0.021434460016487966
827,25.18,8,1952,-0.01614205004035507
828,25.08,7,1952,0.003971405877680745
829,24.38,6,1952,0.027910685805422664
830,23.73,5,1952,0.02666119770303521
831,23.74,4,1952,-0.00042140750105335023
832,23.81,3,1952,-0.0029486099410278577
833,23.75,2,1952,0.002519949601007876
834,24.19,1,1952,-0.018526315789473724
835,23.41,12,1951,0.03224472922695332
836,22.71,11,1951,0.02990175138829554
837,23.36,10,1951,-0.028621752531924116
838,23.48,9,1951,-0.005136986301369939
839,22.89,8,1951,0.02512776831345831
840,21.93,7,1951,0.04193971166448229
841,21.55,6,1951,0.017327861377108955
842,21.93,5,1951,-0.017633410672853733
843,21.92,4,1951,0.0004559963520290866
844,21.63,3,1951,0.013229927007299414
845,22.0,2,1951,-0.01710587147480358
846,21.21,1,1951,0.03590909090909089
847,19.75,12,1950,0.06883545497406884
848,19.83,11,1950,-0.004050632911392293
849,19.87,10,1950,-0.0020171457387798686
850,19.08,9,1950,0.039758429793658956
851,18.43,8,1950,0.03406708595387831
852,17.38,7,1950,0.05697232772653282
853,18.74,6,1950,-0.07825086306098972
854,18.44,5,1950,0.016008537886872842
855,17.84,4,1950,0.03253796095444694
856,17.35,3,1950,0.02746636771300437
857,17.21,2,1950,0.008069164265129714
858,16.88,1,1950,0.019174898314933242
859,16.54,12,1949,0.020142180094786744
860,16.11,11,1949,0.025997581620314403
861,15.89,10,1949,0.013656114214773307
862,15.49,9,1949,0.025173064820641966
863,15.29,8,1949,0.01291155584247905
864,14.76,7,1949,0.03466317854807055
865,13.97,6,1949,0.05352303523035229
866,14.78,5,1949,-0.057981388690049984
867,14.89,4,1949,-0.007442489851150258
868,14.91,3,1949,-0.001343183344526544
869,14.77,2,1949,0.009389671361502372
870,15.36,1,1949,-0.039945836154366976
871,15.19,12,1948,0.01106770833333337
872,15.29,11,1948,-0.006583278472679366
873,16.19,10,1948,-0.05886200130804453
874,15.76,9,1948,0.02655960469425578
875,15.94,8,1948,-0.011421319796954377
876,16.42,7,1948,-0.03011292346298644
877,16.82,6,1948,-0.02436053593179044
878,16.15,5,1948,0.039833531510107156
879,15.4,4,1948,0.046439628482972006
880,14.3,3,1948,0.0714285714285714
881,14.1,2,1948,0.013986013986014068
882,14.83,1,1948,-0.05177304964539009
883,15.03,12,1947,-0.013486176668914274
884,15.27,11,1947,-0.015968063872255467
885,15.45,10,1947,-0.011787819253438192
886,15.06,9,1947,0.025242718446601864
887,15.46,8,1947,-0.026560424966799445
888,15.77,7,1947,-0.020051746442431906
889,14.84,6,1947,0.058972733037412794
890,14.34,5,1947,0.03369272237196763
891,14.6,4,1947,-0.018131101813110062
892,15.16,3,1947,-0.03835616438356171
893,15.8,2,1947,-0.04221635883905006
894,15.21,1,1947,0.03734177215189871
895,15.13,12,1946,0.005259697567389865
896,14.69,11,1946,0.029081295439524202
897,14.75,10,1946,-0.004084411164057222
898,15.09,9,1946,-0.0230508474576272
899,17.7,8,1946,-0.17296222664015892
900,18.05,7,1946,-0.019774011299435124
901,18.58,6,1946,-0.029362880886426357
902,18.7,5,1946,-0.006458557588805203
903,18.66,4,1946,0.002139037433155022
904,17.53,3,1946,0.060557341907824136
905,18.07,2,1946,-0.03080433542498562
906,18.02,1,1946,0.002767017155506424
907,17.33,12,1945,0.038290788013318644
908,17.04,11,1945,0.016733987305250997
909,16.5,10,1945,0.03169014084507038
910,15.84,9,1945,0.040000000000000036
911,14.83,8,1945,0.0637626262626263
912,14.78,7,1945,0.003371544167228624
913,15.09,6,1945,-0.020974289580514283
914,14.82,5,1945,0.017892644135188873
915,14.28,4,1945,0.036437246963562764
916,13.93,3,1945,0.02450980392156865
917,13.94,2,1945,-0.00071787508973431
918,13.49,1,1945,0.03228120516499278
919,13.1,12,1944,0.0289103039288362
920,12.82,11,1944,0.021374045801526687
921,12.91,10,1944,-0.0070202808112325155
922,12.6,9,1944,0.024012393493415995
923,12.81,8,1944,-0.01666666666666683
924,13.0,7,1944,-0.014832162373145996
925,12.67,6,1944,0.02538461538461534
926,12.1,5,1944,0.044988161010260486
927,11.89,4,1944,0.017355371900826366
928,12.1,3,1944,-0.01766190075693852
929,11.77,2,1944,0.027272727272727226
930,11.85,1,1944,-0.00679694137638065
931,11.48,12,1943,0.03122362869198303
932,11.33,11,1943,0.013066202090592394
933,11.88,10,1943,-0.04854368932038833
934,11.99,9,1943,-0.0092592592592593
935,11.74,8,1943,0.020850708924103456
936,12.35,7,1943,-0.05195911413969334
937,12.1,6,1943,0.020242914979757054
938,11.89,5,1943,0.017355371900826366
939,11.44,4,1943,0.03784693019343999
940,11.07,3,1943,0.03234265734265729
941,10.69,2,1943,0.03432700993676607
942,10.09,1,1943,0.05612722170252571
943,9.52,12,1942,0.056491575817641304
944,9.47,11,1942,0.005252100840336005
945,9.32,10,1942,0.015839493136219684
946,8.68,9,1942,0.06866952789699576
947,8.59,8,1942,0.010368663594470084
948,8.64,7,1942,-0.005820721769499437
949,8.33,6,1942,0.03587962962962965
950,7.93,5,1942,0.04801920768307322
951,7.84,4,1942,0.011349306431273631
952,8.18,3,1942,-0.04336734693877542
953,8.65,2,1942,-0.057457212713936556
954,8.93,1,1942,-0.032369942196531776
955,8.76,12,1941,0.01903695408734607
956,9.37,11,1941,-0.0696347031963469
957,9.83,10,1941,-0.04909284951974402
958,10.24,9,1941,-0.04170905391658186
959,10.21,8,1941,0.002929687499999889
960,10.26,7,1941,-0.004897159647404337
961,9.76,6,1941,0.04873294346978563
962,9.43,5,1941,0.03381147540983609
963,9.64,4,1941,-0.022269353128314018
964,9.95,3,1941,-0.032157676348547604
965,9.89,2,1941,0.0060301507537686705
966,10.55,1,1941,-0.0667340748230536
967,10.53,12,1940,0.0018957345971565287
968,10.98,11,1940,-0.042735042735042805
969,10.73,10,1940,0.022768670309653904
970,10.63,9,1940,0.009319664492078217
971,10.2,8,1940,0.040451552210724495
972,9.99,7,1940,0.020588235294117574
973,9.67,6,1940,0.03203203203203209
974,10.58,5,1940,-0.0941054808686661
975,12.27,4,1940,-0.15973534971644598
976,12.15,3,1940,0.009779951100244433
977,12.22,2,1940,-0.0057613168724279795
978,12.3,1,1940,-0.00654664484451728
979,12.37,12,1939,-0.005691056910569037
980,12.67,11,1939,-0.02425222312045272
981,12.9,10,1939,-0.01815311760063154
982,12.77,9,1939,0.010077519379845024
983,11.54,8,1939,0.09631949882537205
984,11.71,7,1939,-0.014731369150779994
985,11.43,6,1939,0.023911187019641456
986,11.23,5,1939,0.017497812773403232
987,10.83,4,1939,0.03561887800534291
988,12.39,3,1939,-0.14404432132963985
989,12.4,2,1939,-0.0008071025020177647
990,12.5,1,1939,-0.008064516129032251
991,12.69,12,1938,-0.01519999999999988
992,13.07,11,1938,-0.029944838455476797
993,13.06,10,1938,0.0007651109410864443
994,11.75,9,1938,0.1003062787136294
995,12.31,8,1938,-0.04765957446808522
996,12.24,7,1938,0.005686433793663737
997,10.21,6,1938,0.16584967320261434
998,9.98,5,1938,0.022526934378060748
999,9.89,4,1938,0.009018036072144242
1000,10.31,3,1938,-0.04246713852376138
1001,11.04,2,1938,-0.07080504364694451
1002,11.31,1,1938,-0.0244565217391306
1003,11.02,12,1937,0.025641025641025772
1004,11.2,11,1937,-0.016333938294010864
1005,12.28,10,1937,-0.09642857142857153
1006,14.37,9,1937,-0.17019543973941365
1007,16.74,8,1937,-0.16492693110647183
1008,16.57,7,1937,0.010155316606929365
1009,15.64,6,1937,0.05612552806276405
1010,16.25,5,1937,-0.03900255754475701
1011,17.01,4,1937,-0.046769230769230896
1012,18.09,3,1937,-0.06349206349206349
1013,18.11,2,1937,-0.001105583195135429
1014,17.59,1,1937,0.028713418001104385
1015,17.06,12,1936,0.030130756111427015
1016,17.36,11,1936,-0.017584994138335253
1017,16.89,10,1936,0.027073732718893906
1018,16.05,9,1936,0.04973357015985791
1019,15.87,8,1936,0.011214953271028172
1020,15.56,7,1936,0.01953371140516691
1021,14.69,6,1936,0.0559125964010283
1022,14.09,5,1936,0.04084411164057178
1023,14.88,4,1936,-0.05606813342796313
1024,14.86,3,1936,0.0013440860215054862
1025,14.55,2,1936,0.020861372812920553
1026,13.76,1,1936,0.05429553264604814
1027,13.04,12,1935,0.05232558139534893
1028,13.04,11,1935,-0.0
1029,11.92,10,1935,0.08588957055214719
1030,11.61,9,1935,0.026006711409396033
1031,11.37,8,1935,0.02067183462532307
1032,10.65,7,1935,0.06332453825857509
1033,10.12,6,1935,0.04976525821596256
1034,9.75,5,1935,0.03656126482213429
1035,9.04,4,1935,0.07282051282051294
1036,8.41,3,1935,0.06969026548672552
1037,8.98,2,1935,-0.06777645659928666
1038,9.26,1,1935,-0.031180400890868487
1039,9.26,12,1934,-0.0
1040,9.2,11,1934,0.006479481641468721
1041,8.95,10,1934,0.02717391304347827
1042,8.88,9,1934,0.007821229050279155
1043,9.1,8,1934,-0.024774774774774633
1044,9.47,7,1934,-0.04065934065934074
1045,9.94,6,1934,-0.049630411826821375
1046,9.81,5,1934,0.013078470824949617
1047,10.92,4,1934,-0.11314984709480114
1048,10.74,3,1934,0.016483516483516425
1049,11.32,2,1934,-0.05400372439478596
1050,10.54,1,1934,0.06890459363957602
1051,9.97,12,1933,0.054079696394686794
1052,9.78,11,1933,0.01905717151454378
1053,9.55,10,1933,0.023517382413087762
1054,10.58,9,1933,-0.10785340314136116
1055,10.67,8,1933,-0.008506616257088817
1056,11.23,7,1933,-0.05248359887535159
1057,10.39,6,1933,0.07479964381121995
1058,8.87,5,1933,0.1462945139557268
1059,6.89,4,1933,0.22322435174746336
1060,6.23,3,1933,0.09579100145137875
1061,6.25,2,1933,-0.0032102728731941976
1062,7.09,1,1933,-0.13440000000000007
1063,6.82,12,1932,0.038081805359661436
1064,7.05,11,1932,-0.03372434017595305
1065,7.12,10,1932,-0.009929078014184523
1066,8.26,9,1932,-0.1601123595505618
1067,7.53,8,1932,0.08837772397094423
1068,5.01,7,1932,0.33466135458167334
1069,4.77,6,1932,0.04790419161676651
1070,5.51,5,1932,-0.15513626834381555
1071,6.28,4,1932,-0.13974591651542667
1072,8.26,3,1932,-0.3152866242038215
1073,8.23,2,1932,0.00363196125907983
1074,8.3,1,1932,-0.008505467800729027
1075,8.44,12,1931,-0.016867469879517927
1076,10.39,11,1931,-0.23104265402843627
1077,10.25,10,1931,0.01347449470644857
1078,11.83,9,1931,-0.15414634146341455
1079,13.9,8,1931,-0.17497886728655954
1080,14.33,7,1931,-0.030935251798561048
1081,13.87,6,1931,0.032100488485694356
1082,14.33,5,1931,-0.03316510454217747
1083,15.86,4,1931,-0.10676901605024414
1084,17.53,3,1931,-0.10529634300126123
1085,17.2,2,1931,0.01882487164860247
1086,15.98,1,1931,0.07093023255813946
1087,15.51,12,1930,0.02941176470588236
1088,16.62,11,1930,-0.07156673114119938
1089,17.92,10,1930,-0.0782190132370637
1090,20.78,9,1930,-0.1595982142857142
1091,20.79,8,1930,-0.00048123195380167516
1092,21.06,7,1930,-0.01298701298701288
1093,21.52,6,1930,-0.021842355175688555
1094,23.94,5,1930,-0.11245353159851312
1095,25.46,4,1930,-0.06349206349206349
1096,23.94,3,1930,0.05970149253731338
1097,23.07,2,1930,0.036340852130325896
1098,21.71,1,1930,0.058951018638924935
1099,21.4,12,1929,0.014279134039613228
1100,20.58,11,1929,0.03831775700934581
1101,27.99,10,1929,-0.3600583090379008
1102,31.3,9,1929,-0.11825652018578081
1103,30.1,8,1929,0.0383386581469648
1104,28.48,7,1929,0.053820598006644516
1105,26.15,6,1929,0.081811797752809
1106,25.66,5,1929,0.01873804971319304
1107,25.28,4,1929,0.014809041309430948
1108,25.43,3,1929,-0.0059335443037973334
1109,24.99,2,1929,0.017302398741643743
1110,24.86,1,1929,0.005202080832332867
1111,23.15,12,1928,0.06878519710378117
1112,23.06,11,1928,0.0038876889848812324
1113,21.6,10,1928,0.06331309627059833
1114,21.17,9,1928,0.019907407407407374
1115,19.78,8,1928,0.06565895134624467
1116,19.16,7,1928,0.03134479271991919
1117,19.02,6,1928,0.007306889352818424
1118,20.0,5,1928,-0.051524710830704645
1119,19.4,4,1928,0.030000000000000027
1120,18.25,3,1928,0.05927835051546382
1121,17.32,2,1928,0.05095890410958903
1122,17.53,1,1928,-0.012124711316397363
1123,17.46,12,1927,0.00399315459212779
1124,17.06,11,1927,0.02290950744559006
1125,16.68,10,1927,0.022274325908557935
1126,16.94,9,1927,-0.01558752997601931
1127,16.03,8,1927,0.05371900826446285
1128,15.22,7,1927,0.050530255770430466
1129,14.89,6,1927,0.021681997371879147
1130,14.7,5,1927,0.012760241773002057
1131,14.21,4,1927,0.033333333333333215
1132,13.87,3,1927,0.02392681210415215
1133,13.66,2,1927,0.015140591204037435
1134,13.4,1,1927,0.019033674963396807
1135,13.49,12,1926,-0.006716417910447747
1136,13.19,11,1926,0.022238695329873992
1137,13.02,10,1926,0.012888551933282755
1138,13.32,9,1926,-0.02304147465437789
1139,13.12,8,1926,0.01501501501501512
1140,12.62,7,1926,0.038109756097560954
1141,12.11,6,1926,0.04041204437400947
1142,11.56,5,1926,0.045417010734929764
1143,11.48,4,1926,0.00692041522491349
1144,11.81,3,1926,-0.028745644599303066
1145,12.67,2,1926,-0.07281964436917865
1146,12.65,1,1926,0.0015785319652722452
1147,12.46,12,1925,0.015019762845849716
1148,12.26,11,1925,0.01605136436597121
1149,11.89,10,1925,0.030179445350734024
1150,11.51,9,1925,0.03195962994112711
1151,11.25,8,1925,0.022589052997393555
1152,11.1,7,1925,0.01333333333333342
1153,10.8,6,1925,0.027027027027026973
1154,10.61,5,1925,0.017592592592592715
1155,10.28,4,1925,0.031102733270499505
1156,10.39,3,1925,-0.01070038910505855
1157,10.67,2,1925,-0.026948989412896918
1158,10.58,1,1925,0.008434864104967188
1159,10.16,12,1924,0.03969754253308133
1160,9.64,11,1924,0.051181102362204633
1161,9.13,10,1924,0.05290456431535262
1162,9.25,9,1924,-0.013143483023001057
1163,9.34,8,1924,-0.00972972972972963
1164,9.03,7,1924,0.03319057815845827
1165,8.63,6,1924,0.044296788482834804
1166,8.47,5,1924,0.018539976825028948
1167,8.5,4,1924,-0.0035419126328215533
1168,8.7,3,1924,-0.0235294117647058
1169,8.87,2,1924,-0.019540229885057547
1170,8.83,1,1924,0.004509582863585049
1171,8.55,12,1923,0.03171007927519809
1172,8.27,11,1923,0.03274853801169608
1173,8.03,10,1923,0.029020556227327687
1174,8.15,9,1923,-0.014943960149439661
1175,8.1,8,1923,0.00613496932515345
1176,8.06,7,1923,0.004938271604938205
1177,8.34,6,1923,-0.03473945409429269
1178,8.67,5,1923,-0.03956834532374098
1179,9.1,4,1923,-0.049596309111880066
1180,9.43,3,1923,-0.03626373626373636
1181,9.28,2,1923,0.01590668080593849
1182,8.9,1,1923,0.04094827586206884
1183,8.78,12,1922,0.013483146067415852
1184,8.8,11,1922,-0.002277904328018332
1185,9.26,10,1922,-0.05227272727272725
1186,9.06,9,1922,0.021598272138228847
1187,8.83,8,1922,0.025386313465783683
1188,8.51,7,1922,0.03624009060022648
1189,8.45,6,1922,0.007050528789659283
1190,8.53,5,1922,-0.00946745562130169
1191,8.21,4,1922,0.03751465416178179
1192,7.74,3,1922,0.057247259439707765
1193,7.46,2,1922,0.036175710594315236
1194,7.3,1,1922,0.02144772117962468
1195,7.31,12,1921,-0.00136986301369868
1196,7.06,11,1921,0.034199726402188824
1197,6.7,10,1921,0.050991501416430496
1198,6.61,9,1921,0.013432835820895495
1199,6.45,8,1921,0.024205748865355536
1200,6.53,7,1921,-0.01240310077519391
1201,6.55,6,1921,-0.003062787136294043
1202,7.12,5,1921,-0.08702290076335872
1203,6.91,4,1921,0.0294943820224719
1204,6.88,3,1921,0.00434153400868309
1205,7.06,2,1921,-0.026162790697674465
1206,7.11,1,1921,-0.00708215297450443
1207,6.81,12,1920,0.04219409282700437
1208,7.48,11,1920,-0.09838472834067558
1209,7.88,10,1920,-0.053475935828877
1210,7.87,9,1920,0.0012690355329948444
1211,7.6,8,1920,0.03430749682337997
1212,7.91,7,1920,-0.04078947368421049
1213,7.92,6,1920,-0.0012642225031604948
1214,8.06,5,1920,-0.017676767676767735
1215,8.6,4,1920,-0.06699751861042169
1216,8.67,3,1920,-0.008139534883720989
1217,8.1,2,1920,0.06574394463667821
1218,8.83,1,1920,-0.09012345679012346
1219,8.92,12,1919,-0.010192525481313774
1220,9.19,11,1919,-0.030269058295964157
1221,9.47,10,1919,-0.030467899891186256
1222,9.01,9,1919,0.04857444561774027
1223,8.87,8,1919,0.015538290788013387
1224,9.51,7,1919,-0.07215332581736189
1225,9.21,6,1919,0.03154574132492105
1226,8.97,5,1919,0.026058631921824116
1227,8.39,4,1919,0.064659977703456
1228,8.12,3,1919,0.03218116805721116
1229,7.88,2,1919,0.029556650246305383
1230,7.85,1,1919,0.0038071065989847552
1231,7.9,12,1918,-0.006369426751592355
1232,8.06,11,1918,-0.020253164556962133
1233,7.86,10,1918,0.02481389578163773
1234,7.54,9,1918,0.040712468193384255
1235,7.58,8,1918,-0.0053050397877985045
1236,7.51,7,1918,0.009234828496042291
1237,7.45,6,1918,0.007989347536617841
1238,7.44,5,1918,0.0013422818791946067
1239,7.21,4,1918,0.03091397849462374
1240,7.28,3,1918,-0.009708737864077666
1241,7.43,2,1918,-0.02060439560439553
1242,7.21,1,1918,0.029609690444145298
1243,6.8,12,1917,0.0568654646324549
1244,7.04,11,1917,-0.03529411764705892
1245,7.68,10,1917,-0.09090909090909083
1246,8.12,9,1917,-0.05729166666666652
1247,8.53,8,1917,-0.05049261083743839
1248,8.79,7,1917,-0.030480656506447712
1249,9.04,6,1917,-0.028441410693970326
1250,8.86,5,1917,0.019911504424778736
1251,9.17,4,1917,-0.03498871331828446
1252,9.31,3,1917,-0.01526717557251911
1253,9.03,2,1917,0.03007518796992492
1254,9.57,1,1917,-0.05980066445182741
1255,9.8,12,1916,-0.024033437826541215
1256,10.21,11,1916,-0.0418367346938775
1257,9.98,10,1916,0.022526934378060748
1258,9.68,9,1916,0.030060120240480992
1259,9.3,8,1916,0.03925619834710736
1260,9.23,7,1916,0.007526881720430145
1261,9.36,6,1916,-0.014084507042253502
1262,9.27,5,1916,0.009615384615384581
1263,9.07,4,1916,0.02157497303128364
1264,9.17,3,1916,-0.011025358324145529
1265,9.2,2,1916,-0.0032715376226826187
1266,9.33,1,1916,-0.01413043478260878
1267,9.48,12,1915,-0.016077170418006492
1268,9.46,11,1915,0.002109704641350185
1269,9.14,10,1915,0.03382663847780132
1270,8.66,9,1915,0.052516411378555894
1271,8.35,8,1915,0.03579676674364907
1272,8.01,7,1915,0.04071856287425146
1273,8.04,6,1915,-0.0037453183520599342
1274,7.95,5,1915,0.011194029850746134
1275,8.14,4,1915,-0.023899371069182385
1276,7.57,3,1915,0.07002457002457008
1277,7.38,2,1915,0.025099075297225992
1278,7.48,1,1915,-0.013550135501354976
1279,7.35,12,1914,0.017379679144385096
1280,7.68,11,1914,-0.044897959183673564
1281,7.68,10,1914,-0.0
1282,7.68,9,1914,-0.0
1283,7.68,8,1914,-0.0
1284,7.68,7,1914,-0.0
1285,8.13,6,1914,-0.05859375000000022
1286,8.17,5,1914,-0.004920049200491938
1287,8.12,4,1914,0.006119951040391758
1288,8.32,3,1914,-0.024630541871921263
1289,8.48,2,1914,-0.019230769230769162
1290,8.37,1,1914,0.012971698113207641
1291,8.04,12,1913,0.03942652329749108
1292,8.05,11,1913,-0.0012437810945276073
1293,8.26,10,1913,-0.02608695652173898
1294,8.53,9,1913,-0.032687651331719136
1295,8.45,8,1913,0.009378663540445475
1296,8.23,7,1913,0.026035502958579704
1297,8.12,6,1913,0.013365735115431487
1298,8.55,5,1913,-0.05295566502463078
1299,8.79,4,1913,-0.028070175438596356
1300,8.8,3,1913,-0.0011376564277589818
1301,8.97,2,1913,-0.01931818181818179
1302,9.3,1,1913,-0.03678929765886285
1303,9.38,12,1912,-0.008602150537634357
1304,9.73,11,1912,-0.03731343283582089
1305,9.84,10,1912,-0.01130524152106882
1306,9.86,9,1912,-0.00203252032520318
1307,9.81,8,1912,0.0050709939148071426
1308,9.59,7,1912,0.022426095820591296
1309,9.58,6,1912,0.0010427528675703845
1310,9.58,5,1912,-0.0
1311,9.59,4,1912,-0.0010438413361169019
1312,9.3,3,1912,0.030239833159541152
1313,9.04,2,1912,0.027956989247312047
1314,9.12,1,1912,-0.008849557522123908
1315,9.11,12,1911,0.0010964912280702066
1316,9.07,11,1911,0.004390779363336872
1317,8.72,10,1911,0.03858875413450935
1318,8.67,9,1911,0.005733944954128489
1319,9.17,8,1911,-0.05767012687427919
1320,9.63,7,1911,-0.05016357688113415
1321,9.67,6,1911,-0.004153686396676903
1322,9.48,5,1911,0.019648397104446658
1323,9.28,4,1911,0.021097046413502185
1324,9.32,3,1911,-0.004310344827586299
1325,9.43,2,1911,-0.011802575107296098
1326,9.27,1,1911,0.016967126193001114
1327,9.05,12,1910,0.023732470334411948
1328,9.31,11,1910,-0.02872928176795586
1329,9.32,10,1910,-0.0010741138560688146
1330,8.91,9,1910,0.04399141630901293
1331,8.85,8,1910,0.006734006734006814
1332,8.64,7,1910,0.023728813559321882
1333,9.1,6,1910,-0.0532407407407407
1334,9.56,5,1910,-0.05054945054945059
1335,9.72,4,1910,-0.01673640167364021
1336,9.96,3,1910,-0.024691358024691468
1337,9.72,2,1910,0.02409638554216864
1338,10.08,1,1910,-0.03703703703703698
1339,10.3,12,1909,-0.02182539682539697
1340,10.18,11,1909,0.011650485436893288
1341,10.23,10,1909,-0.004911591355599265
1342,10.19,9,1909,0.003910068426197566
1343,10.18,8,1909,0.0009813542688910104
1344,9.94,7,1909,0.023575638506876273
1345,9.8,6,1909,0.014084507042253391
1346,9.63,5,1909,0.01734693877551019
1347,9.32,4,1909,0.03219106957424722
1348,8.92,3,1909,0.04291845493562241
1349,8.8,2,1909,0.013452914798206206
1350,9.06,1,1909,-0.02954545454545454
1351,9.03,12,1908,0.0033112582781458233
1352,8.83,11,1908,0.022148394241417457
1353,8.27,10,1908,0.0634201585503964
1354,8.17,9,1908,0.012091898428053138
1355,8.26,8,1908,-0.011015911872704898
1356,7.92,7,1908,0.041162227602905554
1357,7.64,6,1908,0.03535353535353536
1358,7.63,5,1908,0.0013089005235601414
1359,7.24,4,1908,0.05111402359108774
1360,6.87,3,1908,0.05110497237569067
1361,6.6,2,1908,0.039301310043668214
1362,6.85,1,1908,-0.037878787878787845
1363,6.57,12,1907,0.040875912408758985
1364,6.25,11,1907,0.0487062404870624
1365,6.64,10,1907,-0.06240000000000001
1366,7.45,9,1907,-0.1219879518072291
1367,7.53,8,1907,-0.010738255033557076
1368,8.14,7,1907,-0.08100929614873853
1369,7.84,6,1907,0.03685503685503699
1370,8.1,5,1907,-0.03316326530612246
1371,8.39,4,1907,-0.03580246913580254
1372,8.35,3,1907,0.00476758045292025
1373,9.26,2,1907,-0.1089820359281437
1374,9.56,1,1907,-0.03239740820734349
1375,9.84,12,1906,-0.029288702928870203
1376,9.93,11,1906,-0.009146341463414531
1377,9.73,10,1906,0.020140986908358416
1378,10.03,9,1906,-0.03083247687564228
1379,9.73,8,1906,0.029910269192422678
1380,9.06,7,1906,0.06885919835560117
1381,9.3,6,1906,-0.026490066225165476
1382,9.18,5,1906,0.012903225806451757
1383,9.43,4,1906,-0.027233115468409563
1384,9.56,3,1906,-0.01378579003181346
1385,9.8,2,1906,-0.025104602510460206
1386,9.87,1,1906,-0.0071428571428568954
1387,9.54,12,1905,0.033434650455927084
1388,9.31,11,1905,0.02410901467505222
1389,9.36,10,1905,-0.005370569280343629
1390,9.23,9,1905,0.013888888888888729
1391,9.2,8,1905,0.003250270855904791
1392,8.87,7,1905,0.035869565217391264
1393,8.6,6,1905,0.030439684329199523
1394,8.5,5,1905,0.011627906976744096
1395,8.94,4,1905,-0.051764705882352935
1396,9.05,3,1905,-0.012304250559284302
1397,8.8,2,1905,0.027624309392265234
1398,8.43,1,1905,0.04204545454545461
1399,8.25,12,1904,0.021352313167259718
1400,8.17,11,1904,0.00969696969696976
1401,7.75,10,1904,0.05140758873929008
1402,7.32,9,1904,0.05548387096774188
1403,7.01,8,1904,0.04234972677595639
1404,6.78,7,1904,0.032810271041369354
1405,6.51,6,1904,0.039823008849557584
1406,6.5,5,1904,0.001536098310291778
1407,6.64,4,1904,-0.021538461538461506
1408,6.48,3,1904,0.02409638554216853
1409,6.5,2,1904,-0.0030864197530864335
1410,6.68,1,1904,-0.027692307692307683
1411,6.57,12,1903,0.01646706586826341
1412,6.28,11,1903,0.04414003044140036
1413,6.26,10,1903,0.0031847133757962887
1414,6.47,9,1903,-0.033546325878594185
1415,6.63,8,1903,-0.02472952086553315
1416,6.85,7,1903,-0.03318250377073895
1417,7.18,6,1903,-0.04817518248175179
1418,7.6,5,1903,-0.058495821727019504
1419,7.75,4,1903,-0.019736842105263275
1420,8.08,3,1903,-0.04258064516129023
1421,8.41,2,1903,-0.04084158415841577
1422,8.46,1,1903,-0.005945303210463715
1423,8.05,12,1902,0.048463356973995286
1424,8.24,11,1902,-0.023602484472049712
1425,8.57,10,1902,-0.040048543689320315
1426,8.85,9,1902,-0.03267211201866971
1427,8.83,8,1902,0.002259887005649719
1428,8.6,7,1902,0.02604756511891282
1429,8.41,6,1902,0.02209302325581386
1430,8.46,5,1902,-0.005945303210463715
1431,8.48,4,1902,-0.0023640661938533203
1432,8.2,3,1902,0.03301886792452846
1433,8.19,2,1902,0.0012195121951219523
1434,8.12,1,1902,0.008547008547008628
1435,7.95,12,1901,0.020935960591132896
1436,8.08,11,1901,-0.01635220125786163
1437,7.91,10,1901,0.02103960396039606
1438,8.0,9,1901,-0.011378002528444897
1439,8.04,8,1901,-0.004999999999999893
1440,7.93,7,1901,0.013681592039800905
1441,8.5,6,1901,-0.07187894073139978
1442,7.73,5,1901,0.09058823529411764
1443,8.14,4,1901,-0.053040103492884905
1444,7.51,3,1901,0.07739557739557745
1445,7.25,2,1901,0.03462050599201061
1446,7.07,1,1901,0.024827586206896513
1447,6.87,12,1900,0.028288543140028266
1448,6.48,11,1900,0.056768558951964976
1449,6.01,10,1900,0.07253086419753096
1450,5.8,9,1900,0.03494176372712143
1451,5.94,8,1900,-0.024137931034482918
1452,5.86,7,1900,0.013468013468013518
1453,5.86,6,1900,-0.0
1454,6.04,5,1900,-0.030716723549488067
1455,6.34,4,1900,-0.04966887417218535
1456,6.26,3,1900,0.012618296529968487
1457,6.21,2,1900,0.007987220447284282
1458,6.1,1,1900,0.017713365539452575
1459,6.02,12,1899,0.013114754098360715
1460,6.46,11,1899,-0.07308970099667778
1461,6.34,10,1899,0.018575851393188847
1462,6.37,9,1899,-0.004731861198738141
1463,6.44,8,1899,-0.01098901098901095
1464,6.28,7,1899,0.024844720496894457
1465,6.07,6,1899,0.03343949044585992
1466,6.21,5,1899,-0.023064250411861664
1467,6.48,4,1899,-0.04347826086956519
1468,6.4,3,1899,0.012345679012345734
1469,6.31,2,1899,0.014062500000000089
1470,6.08,1,1899,0.03645007923930266
1471,5.65,12,1898,0.07072368421052622
1472,5.32,11,1898,0.05840707964601766
1473,5.15,10,1898,0.03195488721804507
1474,5.26,9,1898,-0.02135922330097073
1475,5.27,8,1898,-0.001901140684410496
1476,5.08,7,1898,0.03605313092979123
1477,5.06,6,1898,0.003937007874015852
1478,4.87,5,1898,0.0375494071146244
1479,4.57,4,1898,0.06160164271047219
1480,4.65,3,1898,-0.017505470459518557
1481,4.87,2,1898,-0.047311827956989294
1482,4.88,1,1898,-0.002053388090349051
1483,4.75,12,1897,0.026639344262295084
1484,4.65,11,1897,0.021052631578947323
1485,4.82,10,1897,-0.03655913978494629
1486,4.98,9,1897,-0.03319502074688807
1487,4.75,8,1897,0.04618473895582342
1488,4.46,7,1897,0.06105263157894736
1489,4.27,6,1897,0.04260089686098667
1490,4.08,5,1897,0.04449648711943788
1491,4.06,4,1897,0.004901960784313819
1492,4.19,3,1897,-0.032019704433497775
1493,4.18,2,1897,0.0023866348448688957
1494,4.22,1,1897,-0.009569377990430672
1495,4.22,12,1896,-0.0
1496,4.38,11,1896,-0.03791469194312791
1497,4.1,10,1896,0.06392694063926951
1498,4.01,9,1896,0.02195121951219514
1499,3.81,8,1896,0.049875311720698146
1500,4.04,7,1896,-0.06036745406824151
1501,4.32,6,1896,-0.06930693069306937
1502,4.4,5,1896,-0.0185185185185186
1503,4.42,4,1896,-0.004545454545454408
1504,4.38,3,1896,0.009049773755656076
1505,4.45,2,1896,-0.01598173515981749
1506,4.27,1,1896,0.040449438202247334
1507,4.32,12,1895,-0.011709601873536535
1508,4.59,11,1895,-0.0625
1509,4.75,10,1895,-0.034858387799564294
1510,4.82,9,1895,-0.01473684210526316
1511,4.79,8,1895,0.006224066390041583
1512,4.72,7,1895,0.014613778705636848
1513,4.7,6,1895,0.004237288135593098
1514,4.61,5,1895,0.019148936170212738
1515,4.37,4,1895,0.05206073752711504
1516,4.19,3,1895,0.041189931350114395
1517,4.19,2,1895,-0.0
1518,4.25,1,1895,-0.014319809069212264
1519,4.3,12,1894,-0.0117647058823529
1520,4.34,11,1894,-0.009302325581395321
1521,4.34,10,1894,-0.0
1522,4.48,9,1894,-0.032258064516129226
1523,4.41,8,1894,0.01562500000000011
1524,4.25,7,1894,0.03628117913832207
1525,4.34,6,1894,-0.021176470588235352
1526,4.4,5,1894,-0.01382488479262678
1527,4.57,4,1894,-0.03863636363636358
1528,4.51,3,1894,0.013129102844639085
1529,4.38,2,1894,0.02882483370288247
1530,4.32,1,1894,0.013698630136986245
1531,4.41,12,1893,-0.02083333333333326
1532,4.57,11,1893,-0.03628117913832196
1533,4.5,10,1893,0.015317286652078876
1534,4.37,9,1893,0.028888888888888853
1535,4.08,8,1893,0.06636155606407323
1536,4.18,7,1893,-0.02450980392156854
1537,4.61,6,1893,-0.10287081339712945
1538,4.84,5,1893,-0.049891540130151846
1539,5.31,4,1893,-0.09710743801652888
1540,5.31,3,1893,-0.0
1541,5.51,2,1893,-0.03766478342749524
1542,5.61,1,1893,-0.01814882032667886
1543,5.51,12,1892,0.01782531194295911
1544,5.57,11,1892,-0.010889292196007316
1545,5.59,10,1892,-0.0035906642728904536
1546,5.48,9,1892,0.019677996422182376
1547,5.62,8,1892,-0.025547445255474477
1548,5.54,7,1892,0.014234875444839923
1549,5.54,6,1892,-0.0
1550,5.57,5,1892,-0.005415162454873723
1551,5.57,4,1892,-0.0
1552,5.58,3,1892,-0.0017953321364452268
1553,5.52,2,1892,0.010752688172043112
1554,5.51,1,1892,0.0018115942028985588
1555,5.41,12,1891,0.01814882032667875
1556,5.25,11,1891,0.02957486136783738
1557,5.33,10,1891,-0.015238095238095273
1558,5.33,9,1891,-0.0
1559,4.93,8,1891,0.07504690431519712
1560,4.77,7,1891,0.032454361054766734
1561,4.85,6,1891,-0.016771488469601747
1562,4.95,5,1891,-0.020618556701031077
1563,4.97,4,1891,-0.004040404040403844
1564,4.81,3,1891,0.03219315895372232
1565,4.9,2,1891,-0.01871101871101888
1566,4.84,1,1891,0.01224489795918382
1567,4.6,12,1890,0.04958677685950419
1568,4.71,11,1890,-0.023913043478260843
1569,5.08,10,1890,-0.07855626326963905
1570,5.32,9,1890,-0.047244094488189115
1571,5.41,8,1890,-0.016917293233082775
1572,5.54,7,1890,-0.02402957486136792
1573,5.58,6,1890,-0.0072202166064982976
1574,5.62,5,1890,-0.007168458781362075
1575,5.39,4,1890,0.040925266903914626
1576,5.28,3,1890,0.020408163265306034
1577,5.32,2,1890,-0.007575757575757569
1578,5.38,1,1890,-0.011278195488721776
1579,5.32,12,1889,0.011152416356877248
1580,5.35,11,1889,-0.005639097744360777
1581,5.4,10,1889,-0.009345794392523477
1582,5.5,9,1889,-0.01851851851851838
1583,5.37,8,1889,0.023636363636363567
1584,5.3,7,1889,0.013035381750465591
1585,5.41,6,1889,-0.020754716981132182
1586,5.32,5,1889,0.01663585951940849
1587,5.18,4,1889,0.026315789473684292
1588,5.19,3,1889,-0.0019305019305020377
1589,5.3,2,1889,-0.021194605009633882
1590,5.24,1,1889,0.011320754716981019
1591,5.14,12,1888,0.019083969465648942
1592,5.24,11,1888,-0.01945525291828809
1593,5.35,10,1888,-0.02099236641221358
1594,5.38,9,1888,-0.005607476635514086
1595,5.25,8,1888,0.024163568773234223
1596,5.14,7,1888,0.020952380952381056
1597,5.01,6,1888,0.02529182879377434
1598,5.17,5,1888,-0.031936127744510934
1599,5.1,4,1888,0.013539651837524258
1600,5.08,3,1888,0.0039215686274508554
1601,5.28,2,1888,-0.03937007874015741
1602,5.31,1,1888,-0.005681818181818121
1603,5.27,12,1887,0.007532956685499026
1604,5.3,11,1887,-0.00569259962049351
1605,5.2,10,1887,0.01886792452830177
1606,5.38,9,1887,-0.03461538461538449
1607,5.45,8,1887,-0.013011152416356975
1608,5.59,7,1887,-0.025688073394495303
1609,5.73,6,1887,-0.025044722719141488
1610,5.9,5,1887,-0.029668411867364686
1611,5.8,4,1887,0.016949152542372947
1612,5.67,3,1887,0.022413793103448265
1613,5.54,2,1887,0.022927689594356204
1614,5.58,1,1887,-0.0072202166064982976
1615,5.64,12,1886,-0.010752688172043001
1616,5.79,11,1886,-0.02659574468085113
1617,5.65,10,1886,0.024179620034542215
1618,5.51,9,1886,0.024778761061946986
1619,5.37,8,1886,0.025408348457350183
1620,5.33,7,1886,0.007448789571694592
1621,5.25,6,1886,0.015009380863039379
1622,5.02,5,1886,0.043809523809523854
1623,5.12,4,1886,-0.019920318725099806
1624,5.19,3,1886,-0.013671875
1625,5.3,2,1886,-0.021194605009633882
1626,5.2,1,1886,0.01886792452830177
1627,5.2,12,1885,-0.0
1628,5.24,11,1885,-0.007692307692307665
1629,4.92,10,1885,0.06106870229007644
1630,4.65,9,1885,0.05487804878048774
1631,4.71,8,1885,-0.012903225806451424
1632,4.46,7,1885,0.05307855626326963
1633,4.3,6,1885,0.0358744394618834
1634,4.32,5,1885,-0.0046511627906977715
1635,4.37,4,1885,-0.011574074074073959
1636,4.38,3,1885,-0.0022883295194506825
1637,4.37,2,1885,0.0022831050228310223
1638,4.24,1,1885,0.029748283752860427
1639,4.34,12,1884,-0.023584905660377187
1640,4.35,11,1884,-0.0023041474654377225
1641,4.44,10,1884,-0.020689655172414056
1642,4.59,9,1884,-0.03378378378378377
1643,4.74,8,1884,-0.03267973856209161
1644,4.46,7,1884,0.05907172995780596
1645,4.46,6,1884,-0.0
1646,4.65,5,1884,-0.04260089686098656
1647,5.06,4,1884,-0.08817204301075243
1648,5.3,3,1884,-0.04743083003952564
1649,5.32,2,1884,-0.0037735849056603765
1650,5.18,1,1884,0.026315789473684292
1651,5.34,12,1883,-0.030888030888030826
1652,5.46,11,1883,-0.022471910112359605
1653,5.38,10,1883,0.014652014652014711
1654,5.53,9,1883,-0.027881040892193454
1655,5.47,8,1883,0.010849909584086936
1656,5.73,7,1883,-0.04753199268738584
1657,5.82,6,1883,-0.015706806282722585
1658,5.77,5,1883,0.0085910652920963
1659,5.87,4,1883,-0.017331022530329365
1660,5.75,3,1883,0.020442930153321992
1661,5.68,2,1883,0.012173913043478257
1662,5.81,1,1883,-0.022887323943661997
1663,5.84,12,1882,-0.005163511187607606
1664,5.81,11,1882,0.005136986301369939
1665,6.07,10,1882,-0.044750430292599175
1666,6.24,9,1882,-0.028006589785831926
1667,6.18,8,1882,0.009615384615384692
1668,6.0,7,1882,0.029126213592232997
1669,5.68,6,1882,0.053333333333333344
1670,5.71,5,1882,-0.005281690140845008
1671,5.78,4,1882,-0.012259194395796813
1672,5.78,3,1882,-0.0
1673,5.79,2,1882,-0.0017301038062282892
1674,5.92,1,1882,-0.022452504317789224
1675,6.01,12,1881,-0.01520270270270263
1676,6.19,11,1881,-0.029950083194675736
1677,6.15,10,1881,0.00646203554119551
1678,6.25,9,1881,-0.016260162601625883
1679,6.2,8,1881,0.008000000000000007
1680,6.35,7,1881,-0.024193548387096753
1681,6.58,6,1881,-0.03622047244094495
1682,6.5,5,1881,0.012158054711246202
1683,6.22,4,1881,0.043076923076923124
1684,6.24,3,1881,-0.003215434083601254
1685,6.17,2,1881,0.011217948717948789
1686,6.19,1,1881,-0.0032414910858995505
1687,5.84,12,1880,0.056542810985460545
1688,5.61,11,1880,0.039383561643835496
1689,5.33,10,1880,0.04991087344028522
1690,5.18,9,1880,0.02814258911819889
1691,5.19,8,1880,-0.0019305019305020377
1692,5.01,7,1880,0.034682080924855585
1693,4.79,6,1880,0.043912175648702534
1694,4.77,5,1880,0.0041753653444677186
1695,5.18,4,1880,-0.08595387840670865
1696,5.3,3,1880,-0.02316602316602312
1697,5.2,2,1880,0.01886792452830177
1698,5.11,1,1880,0.017307692307692246
1699,4.92,12,1879,0.03718199608610573
1700,4.93,11,1879,-0.00203252032520318
1701,4.68,10,1879,0.05070993914807298
1702,4.22,9,1879,0.09829059829059827
1703,4.07,8,1879,0.03554502369668233
1704,4.04,7,1879,0.0073710073710073765
1705,3.96,6,1879,0.01980198019801982
1706,3.94,5,1879,0.005050505050505083
1707,3.77,4,1879,0.043147208121827374
1708,3.65,3,1879,0.03183023872679047
1709,3.71,2,1879,-0.016438356164383494
1710,3.58,1,1879,0.035040431266846306
1711,3.45,12,1878,0.03631284916201116
1712,3.47,11,1878,-0.005797101449275477
1713,3.48,10,1878,-0.0028818443804032867
1714,3.52,9,1878,-0.011494252873563315
1715,3.45,8,1878,0.019886363636363535
1716,3.48,7,1878,-0.008695652173912993
1717,3.41,6,1878,0.02011494252873558
1718,3.34,5,1878,0.02052785923753675
1719,3.33,4,1878,0.0029940119760478723
1720,3.24,3,1878,0.027027027027026973
1721,3.18,2,1878,0.01851851851851849
1722,3.25,1,1878,-0.022012578616352085
1723,3.25,12,1877,-0.0
1724,3.26,11,1877,-0.003076923076922977
1725,3.31,10,1877,-0.015337423312883569
1726,3.24,9,1877,0.02114803625377637
1727,3.05,8,1877,0.058641975308642125
1728,2.85,7,1877,0.06557377049180324
1729,2.73,6,1877,0.04210526315789476
1730,2.94,5,1877,-0.07692307692307687
1731,2.94,4,1877,-0.0
1732,3.17,3,1877,-0.07823129251700678
1733,3.34,2,1877,-0.05362776025236582
1734,3.55,1,1877,-0.06287425149700598
1735,3.58,12,1876,-0.008450704225352101
1736,3.6,11,1876,-0.005586592178770999
1737,3.67,10,1876,-0.019444444444444375
1738,3.69,9,1876,-0.005449591280654031
1739,3.93,8,1876,-0.0650406504065042
1740,4.1,7,1876,-0.043256997455470625
1741,4.15,6,1876,-0.012195121951219745
1742,4.18,5,1876,-0.0072289156626503814
1743,4.34,4,1876,-0.038277511961722466
1744,4.51,3,1876,-0.03917050691244239
1745,4.52,2,1876,-0.0022172949002217113
1746,4.46,1,1876,0.01327433628318575
1747,4.37,12,1875,0.020179372197309364
1748,4.37,11,1875,-0.0
1749,4.3,10,1875,0.016018306636155666
1750,4.37,9,1875,-0.016279069767441978
1751,4.41,8,1875,-0.009153318077803174
1752,4.39,7,1875,0.0045351473922903285
1753,4.38,6,1875,0.002277904328018221
1754,4.47,5,1875,-0.020547945205479312
1755,4.65,4,1875,-0.04026845637583909
1756,4.59,3,1875,0.012903225806451757
1757,4.53,2,1875,0.013071895424836555
1758,4.54,1,1875,-0.002207505518763808
1759,4.54,12,1874,-0.0
1760,4.57,11,1874,-0.006607929515418665
1761,4.53,10,1874,0.008752735229759279
1762,4.54,9,1874,-0.002207505518763808
1763,4.47,8,1874,0.01541850220264318
1764,4.46,7,1874,0.0022371364653243075
1765,4.46,6,1874,-0.0
1766,4.48,5,1874,-0.004484304932735439
1767,4.6,4,1874,-0.02678571428571419
1768,4.73,3,1874,-0.02826086956521756
1769,4.8,2,1874,-0.014799154334038
1770,4.66,1,1874,0.029166666666666563
1771,4.42,12,1873,0.05150214592274682
1772,4.04,11,1873,0.08597285067873306
1773,4.19,10,1873,-0.03712871287128716
1774,4.59,9,1873,-0.09546539379474916
1775,4.97,8,1873,-0.08278867102396514
1776,4.97,7,1873,-0.0
1777,4.98,6,1873,-0.00201207243460777
1778,5.05,5,1873,-0.014056224899598346
1779,5.04,4,1873,0.001980198019801982
1780,5.11,3,1873,-0.01388888888888884
1781,5.15,2,1873,-0.007827788649706457
1782,5.11,1,1873,0.007766990291262155
1783,5.07,12,1872,0.007827788649706457
1784,4.95,11,1872,0.023668639053254448
1785,4.97,10,1872,-0.004040404040403844
1786,4.95,9,1872,0.004024144869215207
1787,5.04,8,1872,-0.018181818181818077
1788,5.1,7,1872,-0.011904761904761862
1789,5.13,6,1872,-0.00588235294117645
1790,5.18,5,1872,-0.00974658869395717
1791,5.18,4,1872,-0.0
1792,5.04,3,1872,0.027027027027026973
1793,4.88,2,1872,0.031746031746031744
1794,4.86,1,1872,0.004098360655737654
1795,4.74,12,1871,0.024691358024691357
1796,4.64,11,1871,0.021097046413502185
1797,4.59,10,1871,0.010775862068965525
1798,4.84,9,1871,-0.05446623093681913
1799,4.79,8,1871,0.010330578512396604
1800,4.73,7,1871,0.012526096033402823
1801,4.82,6,1871,-0.019027484143763207
1802,4.86,5,1871,-0.008298755186721962
1803,4.74,4,1871,0.024691358024691357
1804,4.61,3,1871,0.02742616033755274
1805,4.5,2,1871,0.02386117136659438
1806,4.44,1,1871,0.013333333333333197
