date,value
Jul-2021,4319.94
Jun-2021,4238.49
May-2021,4167.85
Apr-2021,4141.18
Mar-2021,3910.51
Feb-2021,3883.43
Jan-2021,3793.75
Dec-2020,3695.31
Nov-2020,3548.99
Oct-2020,3418.70
Sep-2020,3365.52
Aug-2020,3391.71
Jul-2020,3207.62
Jun-2020,3104.66
May-2020,2919.61
Apr-2020,2761.98
Mar-2020,2652.39
Feb-2020,3277.31
Jan-2020,3278.20
Dec-2019,3176.75
Nov-2019,3104.90
Oct-2019,2977.68
Sep-2019,2982.16
Aug-2019,2897.50
Jul-2019,2996.11
Jun-2019,2890.17
May-2019,2854.71
Apr-2019,2903.80
Mar-2019,2803.98
Feb-2019,2754.86
Jan-2019,2607.39
Dec-2018,2567.31
Nov-2018,2723.23
Oct-2018,2785.46
Sep-2018,2901.50
Aug-2018,2857.82
Jul-2018,2793.64
Jun-2018,2754.35
May-2018,2701.49
Apr-2018,2653.63
Mar-2018,2702.77
Feb-2018,2705.16
Jan-2018,2789.80
Dec-2017,2664.34
Nov-2017,2593.61
Oct-2017,2557.00
Sep-2017,2492.84
Aug-2017,2456.22
Jul-2017,2454.10
Jun-2017,2433.99
May-2017,2395.35
Apr-2017,2359.31
Mar-2017,2366.82
Feb-2017,2329.91
Jan-2017,2275.12
Dec-2016,2246.63
Nov-2016,2164.99
Oct-2016,2143.02
Sep-2016,2157.69
Aug-2016,2170.95
Jul-2016,2148.90
Jun-2016,2083.89
May-2016,2065.55
Apr-2016,2075.54
Mar-2016,2021.95
Feb-2016,1904.42
Jan-2016,1918.60
Dec-2015,2054.08
Nov-2015,2080.62
Oct-2015,2024.81
Sep-2015,1944.41
Aug-2015,2039.87
Jul-2015,2094.14
Jun-2015,2099.29
May-2015,2111.94
Apr-2015,2094.86
Mar-2015,2079.99
Feb-2015,2082.20
Jan-2015,2028.18
Dec-2014,2054.27
Nov-2014,2044.57
Oct-2014,1937.27
Sep-2014,1993.23
Aug-2014,1961.53
Jul-2014,1973.10
Jun-2014,1947.09
May-2014,1889.77
Apr-2014,1864.26
Mar-2014,1863.52
Feb-2014,1817.04
Jan-2014,1822.36
Dec-2013,1807.78
Nov-2013,1783.54
Oct-2013,1720.03
Sep-2013,1687.17
Aug-2013,1670.09
Jul-2013,1668.68
Jun-2013,1618.77
May-2013,1639.84
Apr-2013,1570.70
Mar-2013,1550.83
Feb-2013,1512.31
Jan-2013,1480.40
Dec-2012,1422.29
Nov-2012,1394.51
Oct-2012,1437.82
Sep-2012,1443.42
Aug-2012,1403.45
Jul-2012,1359.78
Jun-2012,1323.48
May-2012,1341.27
Apr-2012,1386.43
Mar-2012,1389.24
Feb-2012,1352.49
Jan-2012,1300.58
Dec-2011,1243.32
Nov-2011,1226.42
Oct-2011,1207.22
Sep-2011,1173.88
Aug-2011,1185.31
Jul-2011,1325.19
Jun-2011,1287.29
May-2011,1338.31
Apr-2011,1331.51
Mar-2011,1304.49
Feb-2011,1321.12
Jan-2011,1282.62
Dec-2010,1241.53
Nov-2010,1198.89
Oct-2010,1171.58
Sep-2010,1122.08
Aug-2010,1087.28
Jul-2010,1079.80
Jun-2010,1083.36
May-2010,1125.06
Apr-2010,1197.32
Mar-2010,1152.05
Feb-2010,1089.16
Jan-2010,1123.58
Dec-2009,1110.38
Nov-2009,1088.07
Oct-2009,1067.66
Sep-2009,1044.55
Aug-2009,1009.73
Jul-2009,935.82
Jun-2009,926.12
May-2009,902.41
Apr-2009,848.15
Mar-2009,757.13
Feb-2009,805.23
Jan-2009,865.58
Dec-2008,877.56
Nov-2008,883.04
Oct-2008,968.80
Sep-2008,1216.95
Aug-2008,1281.47
Jul-2008,1257.33
Jun-2008,1341.25
May-2008,1403.22
Apr-2008,1370.47
Mar-2008,1316.94
Feb-2008,1354.87
Jan-2008,1378.76
Dec-2007,1479.22
Nov-2007,1463.39
Oct-2007,1539.66
Sep-2007,1497.12
Aug-2007,1454.62
Jul-2007,1520.71
Jun-2007,1514.19
May-2007,1511.14
Apr-2007,1463.64
Mar-2007,1406.95
Feb-2007,1444.80
Jan-2007,1424.16
Dec-2006,1416.42
Nov-2006,1388.64
Oct-2006,1363.38
Sep-2006,1317.74
Aug-2006,1287.15
Jul-2006,1260.24
Jun-2006,1253.17
May-2006,1290.01
Apr-2006,1302.17
Mar-2006,1293.74
Feb-2006,1276.65
Jan-2006,1278.73
Dec-2005,1262.07
Nov-2005,1237.37
Oct-2005,1191.96
Sep-2005,1225.92
Aug-2005,1224.27
Jul-2005,1222.24
Jun-2005,1202.25
May-2005,1178.28
Apr-2005,1164.43
Mar-2005,1194.90
Feb-2005,1199.63
Jan-2005,1181.41
Dec-2004,1199.21
Nov-2004,1168.94
Oct-2004,1117.21
Sep-2004,1117.66
Aug-2004,1088.94
Jul-2004,1105.85
Jun-2004,1132.76
May-2004,1102.78
Apr-2004,1133.36
Mar-2004,1123.98
Feb-2004,1143.36
Jan-2004,1132.52
Dec-2003,1080.64
Nov-2003,1049.90
Oct-2003,1038.73
Sep-2003,1019.44
Aug-2003,989.53
Jul-2003,992.54
Jun-2003,988.00
May-2003,935.96
Apr-2003,890.03
Mar-2003,846.63
Feb-2003,837.03
Jan-2003,895.84
Dec-2002,899.18
Nov-2002,909.93
Oct-2002,854.63
Sep-2002,867.81
Aug-2002,912.55
Jul-2002,903.59
Jun-2002,1014.02
May-2002,1079.25
Apr-2002,1111.93
Mar-2002,1153.79
Feb-2002,1100.67
Jan-2002,1140.21
Dec-2001,1144.93
Nov-2001,1129.68
Oct-2001,1076.59
Sep-2001,1044.64
Aug-2001,1178.50
Jul-2001,1204.45
Jun-2001,1238.71
May-2001,1270.37
Apr-2001,1189.84
Mar-2001,1185.85
Feb-2001,1305.75
Jan-2001,1335.63
Dec-2000,1330.93
Nov-2000,1378.04
Oct-2000,1390.14
Sep-2000,1468.05
Aug-2000,1485.46
Jul-2000,1473.00
Jun-2000,1461.96
May-2000,1418.48
Apr-2000,1461.36
Mar-2000,1442.21
Feb-2000,1388.87
Jan-2000,1425.59
Dec-1999,1428.68
Nov-1999,1391.00
Oct-1999,1300.01
Sep-1999,1318.17
Aug-1999,1327.49
Jul-1999,1380.99
Jun-1999,1322.55
May-1999,1332.07
Apr-1999,1334.76
Mar-1999,1281.66
Feb-1999,1246.58
Jan-1999,1248.77
Dec-1998,1190.05
Nov-1998,1144.43
Oct-1998,1032.47
Sep-1998,1020.64
Aug-1998,1074.62
Jul-1998,1156.58
Jun-1998,1108.39
May-1998,1108.42
Apr-1998,1112.20
Mar-1998,1076.83
Feb-1998,1023.74
Jan-1998,963.36
Dec-1997,962.37
Nov-1997,938.92
Oct-1997,951.16
Sep-1997,937.02
Aug-1997,927.24
Jul-1997,925.29
Jun-1997,876.29
May-1997,833.09
Apr-1997,763.93
Mar-1997,792.16
Feb-1997,798.39
Jan-1997,766.22
Dec-1996,743.25
Nov-1996,735.67
Oct-1996,701.46
Sep-1996,674.88
Aug-1996,662.68
Jul-1996,644.07
Jun-1996,668.50
May-1996,661.23
Apr-1996,647.17
Mar-1996,647.07
Feb-1996,649.54
Jan-1996,614.42
Dec-1995,614.57
Nov-1995,595.53
Oct-1995,582.92
Sep-1995,578.77
Aug-1995,559.11
Jul-1995,557.37
Jun-1995,539.35
May-1995,523.81
Apr-1995,507.91
Mar-1995,493.15
Feb-1995,481.92
Jan-1995,465.25
Dec-1994,455.19
Nov-1994,461.01
Oct-1994,463.81
Sep-1994,466.96
Aug-1994,464.24
Jul-1994,451.40
Jun-1994,454.83
May-1994,450.90
Apr-1994,447.23
Mar-1994,463.81
Feb-1994,471.58
Jan-1994,472.99
Dec-1993,465.95
Nov-1993,462.89
Oct-1993,463.90
Sep-1993,459.24
Aug-1993,454.13
Jul-1993,447.29
Jun-1993,448.06
May-1993,445.25
Apr-1993,443.08
Mar-1993,450.16
Feb-1993,441.70
Jan-1993,435.23
Dec-1992,435.64
Nov-1992,422.84
Oct-1992,412.50
Sep-1992,418.48
Aug-1992,417.93
Jul-1992,415.05
Jun-1992,408.27
May-1992,414.81
Apr-1992,407.41
Mar-1992,407.36
Feb-1992,412.56
Jan-1992,416.08
Dec-1991,388.51
Nov-1991,385.92
Oct-1991,386.88
Sep-1991,387.20
Aug-1991,389.40
Jul-1991,380.23
Jun-1991,378.29
May-1991,377.99
Apr-1991,379.68
Mar-1991,372.28
Feb-1991,362.26
Jan-1991,325.49
Dec-1990,328.75
Nov-1990,315.29
Oct-1990,307.12
Sep-1990,315.41
Aug-1990,330.75
Jul-1990,360.03
Jun-1990,360.39
May-1990,350.25
Apr-1990,338.18
Mar-1990,338.46
Feb-1990,330.45
Jan-1990,339.97
Dec-1989,348.60
Nov-1989,340.20
Oct-1989,347.40
Sep-1989,347.30
Aug-1989,346.60
Jul-1989,331.90
Jun-1989,323.70
May-1989,313.90
Apr-1989,302.30
Mar-1989,292.70
Feb-1989,294.00
Jan-1989,285.40
Dec-1988,276.50
Nov-1988,271.00
Oct-1988,277.40
Sep-1988,268.00
Aug-1988,263.70
Jul-1988,269.10
Jun-1988,270.70
May-1988,256.10
Apr-1988,262.60
Mar-1988,265.70
Feb-1988,258.10
Jan-1988,250.50
Dec-1987,241.00
Nov-1987,245.00
Oct-1987,280.20
Sep-1987,318.70
Aug-1987,329.40
Jul-1987,310.10
Jun-1987,301.40
May-1987,289.10
Apr-1987,289.30
Mar-1987,292.50
Feb-1987,280.90
Jan-1987,264.50
Dec-1986,248.60
Nov-1986,245.10
Oct-1986,237.40
Sep-1986,238.30
Aug-1986,245.00
Jul-1986,240.20
Jun-1986,245.30
May-1986,238.50
Apr-1986,238.00
Mar-1986,232.30
Feb-1986,219.40
Jan-1986,208.20
Dec-1985,207.30
Nov-1985,197.50
Oct-1985,186.20
Sep-1985,184.10
Aug-1985,188.30
Jul-1985,192.50
Jun-1985,188.90
May-1985,184.90
Apr-1985,180.60
Mar-1985,179.40
Feb-1985,180.90
Jan-1985,171.60
Dec-1984,164.50
Nov-1984,166.30
Oct-1984,164.80
Sep-1984,166.10
Aug-1984,164.40
Jul-1984,151.10
Jun-1984,153.10
May-1984,156.60
Apr-1984,157.60
Mar-1984,157.40
Feb-1984,157.30
Jan-1984,166.40
Dec-1983,164.40
Nov-1983,165.20
Oct-1983,167.70
Sep-1983,167.20
Aug-1983,162.40
Jul-1983,167.00
Jun-1983,166.40
May-1983,164.10
Apr-1983,157.70
Mar-1983,151.90
Feb-1983,146.80
Jan-1983,144.30
Dec-1982,139.40
Nov-1982,138.10
Oct-1982,132.70
Sep-1982,122.40
Aug-1982,109.70
Jul-1982,109.40
Jun-1982,109.70
May-1982,116.40
Apr-1982,116.30
Mar-1982,110.80
Feb-1982,114.50
Jan-1982,117.30
Dec-1981,123.80
Nov-1981,122.90
Oct-1981,119.80
Sep-1981,118.30
Aug-1981,129.60
Jul-1981,129.10
Jun-1981,132.30
May-1981,131.70
Apr-1981,134.40
Mar-1981,133.20
Feb-1981,128.40
Jan-1981,133.00
Dec-1980,133.50
Nov-1980,135.70
Oct-1980,130.20
Sep-1980,126.50
Aug-1980,123.50
Jul-1980,119.80
Jun-1980,114.60
May-1980,107.70
Apr-1980,103.00
Mar-1980,104.70
Feb-1980,115.30
Jan-1980,110.90
Dec-1979,107.80
Nov-1979,103.70
Oct-1979,104.50
Sep-1979,108.60
Aug-1979,107.40
Jul-1979,102.70
Jun-1979,101.70
May-1979,99.73
Apr-1979,102.10
Mar-1979,100.10
Feb-1979,98.23
Jan-1979,99.71
Dec-1978,96.11
Nov-1978,94.71
Oct-1978,100.60
Sep-1978,103.90
Aug-1978,103.90
Jul-1978,97.19
Jun-1978,97.66
May-1978,97.41
Apr-1978,92.71
Mar-1978,88.82
Feb-1978,88.98
Jan-1978,90.25
Dec-1977,93.82
Nov-1977,94.28
Oct-1977,93.74
Sep-1977,96.23
Aug-1977,97.75
Jul-1977,100.20
Jun-1977,99.29
May-1977,98.76
Apr-1977,99.05
Mar-1977,100.60
Feb-1977,101.00
Jan-1977,103.80
Dec-1976,104.70
Nov-1976,101.20
Oct-1976,101.90
Sep-1976,105.50
Aug-1976,103.30
Jul-1976,104.20
Jun-1976,101.80
May-1976,101.20
Apr-1976,101.90
Mar-1976,101.10
Feb-1976,100.60
Jan-1976,96.86
Dec-1975,88.70
Nov-1975,90.07
Oct-1975,88.57
Sep-1975,84.67
Aug-1975,85.71
Jul-1975,92.49
Jun-1975,92.40
May-1975,90.10
Apr-1975,84.72
Mar-1975,83.78
Feb-1975,80.10
Jan-1975,72.56
Dec-1974,67.07
Nov-1974,71.74
Oct-1974,69.44
Sep-1974,68.12
Aug-1974,76.03
Jul-1974,79.31
Jun-1974,89.79
May-1974,89.67
Apr-1974,92.46
Mar-1974,97.44
Feb-1974,93.45
Jan-1974,96.11
Dec-1973,94.78
Nov-1973,102.00
Oct-1973,109.80
Sep-1973,105.60
Aug-1973,103.80
Jul-1973,105.80
Jun-1973,104.80
May-1973,107.20
Apr-1973,110.30
Mar-1973,112.40
Feb-1973,114.20
Jan-1973,118.40
Dec-1972,117.50
Nov-1972,115.10
Oct-1972,109.60
Sep-1972,109.40
Aug-1972,111.00
Jul-1972,107.20
Jun-1972,108.00
May-1972,107.70
Apr-1972,108.80
Mar-1972,107.70
Feb-1972,105.20
Jan-1972,103.30
Dec-1971,99.17
Nov-1971,92.78
Oct-1971,97.29
Sep-1971,99.40
Aug-1971,97.24
Jul-1971,99.00
Jun-1971,99.72
May-1971,101.60
Apr-1971,103.00
Mar-1971,99.60
Feb-1971,97.11
Jan-1971,93.49
Dec-1970,90.05
Nov-1970,84.28
Oct-1970,84.37
Sep-1970,82.58
Aug-1970,77.92
Jul-1970,75.72
Jun-1970,75.59
May-1970,76.06
Apr-1970,85.95
Mar-1970,88.65
Feb-1970,87.16
Jan-1970,90.31
Dec-1969,91.11
Nov-1969,96.21
Oct-1969,95.52
Sep-1969,94.51
Aug-1969,94.18
Jul-1969,94.71
Jun-1969,99.14
May-1969,104.60
Apr-1969,101.30
Mar-1969,99.30
Feb-1969,101.50
Jan-1969,102.00
Dec-1968,106.50
Nov-1968,105.40
Oct-1968,103.80
Sep-1968,101.30
Aug-1968,98.11
Jul-1968,100.30
Jun-1968,100.50
May-1968,97.87
Apr-1968,95.67
Mar-1968,89.09
Feb-1968,90.75
Jan-1968,95.04
Dec-1967,95.30
Nov-1967,92.66
Oct-1967,95.66
Sep-1967,95.81
Aug-1967,94.49
Jul-1967,93.01
Jun-1967,91.43
May-1967,92.59
Apr-1967,90.96
Mar-1967,89.42
Feb-1967,87.36
Jan-1967,84.45
Dec-1966,81.33
Nov-1966,80.99
Oct-1966,77.13
Sep-1966,77.81
Aug-1966,80.65
Jul-1966,85.84
Jun-1966,86.06
May-1966,86.78
Apr-1966,91.60
Mar-1966,88.88
Feb-1966,92.69
Jan-1966,93.32
Dec-1965,91.73
Nov-1965,92.15
Oct-1965,91.39
Sep-1965,89.38
Aug-1965,86.49
Jul-1965,84.91
Jun-1965,85.04
May-1965,89.28
Apr-1965,87.97
Mar-1965,86.83
Feb-1965,86.75
Jan-1965,86.12
Dec-1964,83.96
Nov-1964,85.44
Oct-1964,84.85
Sep-1964,83.41
Aug-1964,82.00
Jul-1964,83.22
Jun-1964,80.24
May-1964,80.72
Apr-1964,79.94
Mar-1964,78.80
Feb-1964,77.39
Jan-1964,76.45
Dec-1963,74.17
Nov-1963,72.62
Oct-1963,73.03
Sep-1963,72.85
Aug-1963,70.98
Jul-1963,69.07
Jun-1963,70.11
May-1963,70.14
Apr-1963,68.76
Mar-1963,65.67
Feb-1963,65.92
Jan-1963,65.06
Dec-1962,62.64
Nov-1962,60.04
Oct-1962,56.17
Sep-1962,58.00
Aug-1962,58.52
Jul-1962,56.97
Jun-1962,55.63
May-1962,62.99
Apr-1962,68.05
Mar-1962,70.29
Feb-1962,70.22
Jan-1962,69.07
Dec-1961,71.74
Nov-1961,71.08
Oct-1961,68.00
Sep-1961,67.26
Aug-1961,67.79
Jul-1961,65.44
Jun-1961,65.62
May-1961,66.50
Apr-1961,65.83
Mar-1961,64.12
Feb-1961,62.17
Jan-1961,59.72
Dec-1960,56.80
Nov-1960,55.47
Oct-1960,53.73
Sep-1960,54.81
Aug-1960,56.51
Jul-1960,55.84
Jun-1960,57.26
May-1960,55.22
Apr-1960,55.73
Mar-1960,55.02
Feb-1960,55.78
Jan-1960,58.03
Dec-1959,59.06
Nov-1959,57.23
Oct-1959,57.00
Sep-1959,57.05
Aug-1959,59.40
Jul-1959,59.74
Jun-1959,57.46
May-1959,57.96
Apr-1959,57.10
Mar-1959,56.16
Feb-1959,54.77
Jan-1959,55.62
Dec-1958,53.49
Nov-1958,52.50
Oct-1958,50.95
Sep-1958,48.96
Aug-1958,47.70
Jul-1958,45.98
Jun-1958,44.75
May-1958,43.70
Apr-1958,42.34
Mar-1958,42.11
Feb-1958,41.26
Jan-1958,41.12
Dec-1957,40.33
Nov-1957,40.35
Oct-1957,41.24
Sep-1957,43.98
Aug-1957,45.84
Jul-1957,48.51
Jun-1957,47.55
May-1957,46.78
Apr-1957,45.05
Mar-1957,44.03
Feb-1957,43.47
Jan-1957,45.43
Dec-1956,46.44
Nov-1956,45.76
Oct-1956,46.24
Sep-1956,46.84
Aug-1956,48.49
Jul-1956,48.78
Jun-1956,46.27
May-1956,46.54
Apr-1956,48.05
Mar-1956,47.49
Feb-1956,44.43
Jan-1956,44.15
Dec-1955,45.37
Nov-1955,44.95
Oct-1955,42.11
Sep-1955,44.34
Aug-1955,42.43
Jul-1955,42.69
Jun-1955,39.78
May-1955,37.60
Apr-1955,37.76
Mar-1955,36.50
Feb-1955,36.79
Jan-1955,35.60
Dec-1954,34.97
Nov-1954,33.44
Oct-1954,32.18
Sep-1954,31.45
Aug-1954,30.73
Jul-1954,30.13
Jun-1954,28.96
May-1954,28.73
Apr-1954,27.63
Mar-1954,26.57
Feb-1954,26.02
Jan-1954,25.46
Dec-1953,24.83
Nov-1953,24.50
Oct-1953,23.97
Sep-1953,23.27
Aug-1953,24.39
Jul-1953,24.29
Jun-1953,23.95
May-1953,24.84
Apr-1953,24.71
Mar-1953,25.99
Feb-1953,25.86
Jan-1953,26.18
Dec-1952,26.04
Nov-1952,25.03
Oct-1952,24.26
Sep-1952,24.78
Aug-1952,25.18
Jul-1952,25.08
Jun-1952,24.38
May-1952,23.73
Apr-1952,23.74
Mar-1952,23.81
Feb-1952,23.75
Jan-1952,24.19
Dec-1951,23.41
Nov-1951,22.71
Oct-1951,23.36
Sep-1951,23.48
Aug-1951,22.89
Jul-1951,21.93
Jun-1951,21.55
May-1951,21.93
Apr-1951,21.92
Mar-1951,21.63
Feb-1951,22.00
Jan-1951,21.21
Dec-1950,19.75
Nov-1950,19.83
Oct-1950,19.87
Sep-1950,19.08
Aug-1950,18.43
Jul-1950,17.38
Jun-1950,18.74
May-1950,18.44
Apr-1950,17.84
Mar-1950,17.35
Feb-1950,17.21
Jan-1950,16.88
Dec-1949,16.54
Nov-1949,16.11
Oct-1949,15.89
Sep-1949,15.49
Aug-1949,15.29
Jul-1949,14.76
Jun-1949,13.97
May-1949,14.78
Apr-1949,14.89
Mar-1949,14.91
Feb-1949,14.77
Jan-1949,15.36
Dec-1948,15.19
Nov-1948,15.29
Oct-1948,16.19
Sep-1948,15.76
Aug-1948,15.94
Jul-1948,16.42
Jun-1948,16.82
May-1948,16.15
Apr-1948,15.40
Mar-1948,14.30
Feb-1948,14.10
Jan-1948,14.83
Dec-1947,15.03
Nov-1947,15.27
Oct-1947,15.45
Sep-1947,15.06
Aug-1947,15.46
Jul-1947,15.77
Jun-1947,14.84
May-1947,14.34
Apr-1947,14.60
Mar-1947,15.16
Feb-1947,15.80
Jan-1947,15.21
Dec-1946,15.13
Nov-1946,14.69
Oct-1946,14.75
Sep-1946,15.09
Aug-1946,17.70
Jul-1946,18.05
Jun-1946,18.58
May-1946,18.70
Apr-1946,18.66
Mar-1946,17.53
Feb-1946,18.07
Jan-1946,18.02
Dec-1945,17.33
Nov-1945,17.04
Oct-1945,16.50
Sep-1945,15.84
Aug-1945,14.83
Jul-1945,14.78
Jun-1945,15.09
May-1945,14.82
Apr-1945,14.28
Mar-1945,13.93
Feb-1945,13.94
Jan-1945,13.49
Dec-1944,13.10
Nov-1944,12.82
Oct-1944,12.91
Sep-1944,12.60
Aug-1944,12.81
Jul-1944,13.00
Jun-1944,12.67
May-1944,12.10
Apr-1944,11.89
Mar-1944,12.10
Feb-1944,11.77
Jan-1944,11.85
Dec-1943,11.48
Nov-1943,11.33
Oct-1943,11.88
Sep-1943,11.99
Aug-1943,11.74
Jul-1943,12.35
Jun-1943,12.10
May-1943,11.89
Apr-1943,11.44
Mar-1943,11.07
Feb-1943,10.69
Jan-1943,10.09
Dec-1942,9.52
Nov-1942,9.47
Oct-1942,9.32
Sep-1942,8.68
Aug-1942,8.59
Jul-1942,8.64
Jun-1942,8.33
May-1942,7.93
Apr-1942,7.84
Mar-1942,8.18
Feb-1942,8.65
Jan-1942,8.93
Dec-1941,8.76
Nov-1941,9.37
Oct-1941,9.83
Sep-1941,10.24
Aug-1941,10.21
Jul-1941,10.26
Jun-1941,9.76
May-1941,9.43
Apr-1941,9.64
Mar-1941,9.95
Feb-1941,9.89
Jan-1941,10.55
Dec-1940,10.53
Nov-1940,10.98
Oct-1940,10.73
Sep-1940,10.63
Aug-1940,10.20
Jul-1940,9.99
Jun-1940,9.67
May-1940,10.58
Apr-1940,12.27
Mar-1940,12.15
Feb-1940,12.22
Jan-1940,12.30
Dec-1939,12.37
Nov-1939,12.67
Oct-1939,12.90
Sep-1939,12.77
Aug-1939,11.54
Jul-1939,11.71
Jun-1939,11.43
May-1939,11.23
Apr-1939,10.83
Mar-1939,12.39
Feb-1939,12.40
Jan-1939,12.50
Dec-1938,12.69
Nov-1938,13.07
Oct-1938,13.06
Sep-1938,11.75
Aug-1938,12.31
Jul-1938,12.24
Jun-1938,10.21
May-1938,9.98
Apr-1938,9.89
Mar-1938,10.31
Feb-1938,11.04
Jan-1938,11.31
Dec-1937,11.02
Nov-1937,11.20
Oct-1937,12.28
Sep-1937,14.37
Aug-1937,16.74
Jul-1937,16.57
Jun-1937,15.64
May-1937,16.25
Apr-1937,17.01
Mar-1937,18.09
Feb-1937,18.11
Jan-1937,17.59
Dec-1936,17.06
Nov-1936,17.36
Oct-1936,16.89
Sep-1936,16.05
Aug-1936,15.87
Jul-1936,15.56
Jun-1936,14.69
May-1936,14.09
Apr-1936,14.88
Mar-1936,14.86
Feb-1936,14.55
Jan-1936,13.76
Dec-1935,13.04
Nov-1935,13.04
Oct-1935,11.92
Sep-1935,11.61
Aug-1935,11.37
Jul-1935,10.65
Jun-1935,10.12
May-1935,9.75
Apr-1935,9.04
Mar-1935,8.41
Feb-1935,8.98
Jan-1935,9.26
Dec-1934,9.26
Nov-1934,9.20
Oct-1934,8.95
Sep-1934,8.88
Aug-1934,9.10
Jul-1934,9.47
Jun-1934,9.94
May-1934,9.81
Apr-1934,10.92
Mar-1934,10.74
Feb-1934,11.32
Jan-1934,10.54
Dec-1933,9.97
Nov-1933,9.78
Oct-1933,9.55
Sep-1933,10.58
Aug-1933,10.67
Jul-1933,11.23
Jun-1933,10.39
May-1933,8.87
Apr-1933,6.89
Mar-1933,6.23
Feb-1933,6.25
Jan-1933,7.09
Dec-1932,6.82
Nov-1932,7.05
Oct-1932,7.12
Sep-1932,8.26
Aug-1932,7.53
Jul-1932,5.01
Jun-1932,4.77
May-1932,5.51
Apr-1932,6.28
Mar-1932,8.26
Feb-1932,8.23
Jan-1932,8.30
Dec-1931,8.44
Nov-1931,10.39
Oct-1931,10.25
Sep-1931,11.83
Aug-1931,13.90
Jul-1931,14.33
Jun-1931,13.87
May-1931,14.33
Apr-1931,15.86
Mar-1931,17.53
Feb-1931,17.20
Jan-1931,15.98
Dec-1930,15.51
Nov-1930,16.62
Oct-1930,17.92
Sep-1930,20.78
Aug-1930,20.79
Jul-1930,21.06
Jun-1930,21.52
May-1930,23.94
Apr-1930,25.46
Mar-1930,23.94
Feb-1930,23.07
Jan-1930,21.71
Dec-1929,21.40
Nov-1929,20.58
Oct-1929,27.99
Sep-1929,31.30
Aug-1929,30.10
Jul-1929,28.48
Jun-1929,26.15
May-1929,25.66
Apr-1929,25.28
Mar-1929,25.43
Feb-1929,24.99
Jan-1929,24.86
Dec-1928,23.15
Nov-1928,23.06
Oct-1928,21.60
Sep-1928,21.17
Aug-1928,19.78
Jul-1928,19.16
Jun-1928,19.02
May-1928,20.00
Apr-1928,19.40
Mar-1928,18.25
Feb-1928,17.32
Jan-1928,17.53
Dec-1927,17.46
Nov-1927,17.06
Oct-1927,16.68
Sep-1927,16.94
Aug-1927,16.03
Jul-1927,15.22
Jun-1927,14.89
May-1927,14.70
Apr-1927,14.21
Mar-1927,13.87
Feb-1927,13.66
Jan-1927,13.40
Dec-1926,13.49
Nov-1926,13.19
Oct-1926,13.02
Sep-1926,13.32
Aug-1926,13.12
Jul-1926,12.62
Jun-1926,12.11
May-1926,11.56
Apr-1926,11.48
Mar-1926,11.81
Feb-1926,12.67
Jan-1926,12.65
Dec-1925,12.46
Nov-1925,12.26
Oct-1925,11.89
Sep-1925,11.51
Aug-1925,11.25
Jul-1925,11.10
Jun-1925,10.80
May-1925,10.61
Apr-1925,10.28
Mar-1925,10.39
Feb-1925,10.67
Jan-1925,10.58
Dec-1924,10.16
Nov-1924,9.64
Oct-1924,9.13
Sep-1924,9.25
Aug-1924,9.34
Jul-1924,9.03
Jun-1924,8.63
May-1924,8.47
Apr-1924,8.50
Mar-1924,8.70
Feb-1924,8.87
Jan-1924,8.83
Dec-1923,8.55
Nov-1923,8.27
Oct-1923,8.03
Sep-1923,8.15
Aug-1923,8.10
Jul-1923,8.06
Jun-1923,8.34
May-1923,8.67
Apr-1923,9.10
Mar-1923,9.43
Feb-1923,9.28
Jan-1923,8.90
Dec-1922,8.78
Nov-1922,8.80
Oct-1922,9.26
Sep-1922,9.06
Aug-1922,8.83
Jul-1922,8.51
Jun-1922,8.45
May-1922,8.53
Apr-1922,8.21
Mar-1922,7.74
Feb-1922,7.46
Jan-1922,7.30
Dec-1921,7.31
Nov-1921,7.06
Oct-1921,6.70
Sep-1921,6.61
Aug-1921,6.45
Jul-1921,6.53
Jun-1921,6.55
May-1921,7.12
Apr-1921,6.91
Mar-1921,6.88
Feb-1921,7.06
Jan-1921,7.11
Dec-1920,6.81
Nov-1920,7.48
Oct-1920,7.88
Sep-1920,7.87
Aug-1920,7.60
Jul-1920,7.91
Jun-1920,7.92
May-1920,8.06
Apr-1920,8.60
Mar-1920,8.67
Feb-1920,8.10
Jan-1920,8.83
Dec-1919,8.92
Nov-1919,9.19
Oct-1919,9.47
Sep-1919,9.01
Aug-1919,8.87
Jul-1919,9.51
Jun-1919,9.21
May-1919,8.97
Apr-1919,8.39
Mar-1919,8.12
Feb-1919,7.88
Jan-1919,7.85
Dec-1918,7.90
Nov-1918,8.06
Oct-1918,7.86
Sep-1918,7.54
Aug-1918,7.58
Jul-1918,7.51
Jun-1918,7.45
May-1918,7.44
Apr-1918,7.21
Mar-1918,7.28
Feb-1918,7.43
Jan-1918,7.21
Dec-1917,6.80
Nov-1917,7.04
Oct-1917,7.68
Sep-1917,8.12
Aug-1917,8.53
Jul-1917,8.79
Jun-1917,9.04
May-1917,8.86
Apr-1917,9.17
Mar-1917,9.31
Feb-1917,9.03
Jan-1917,9.57
Dec-1916,9.80
Nov-1916,10.21
Oct-1916,9.98
Sep-1916,9.68
Aug-1916,9.30
Jul-1916,9.23
Jun-1916,9.36
May-1916,9.27
Apr-1916,9.07
Mar-1916,9.17
Feb-1916,9.20
Jan-1916,9.33
Dec-1915,9.48
Nov-1915,9.46
Oct-1915,9.14
Sep-1915,8.66
Aug-1915,8.35
Jul-1915,8.01
Jun-1915,8.04
May-1915,7.95
Apr-1915,8.14
Mar-1915,7.57
Feb-1915,7.38
Jan-1915,7.48
Dec-1914,7.35
Nov-1914,7.68
Oct-1914,7.68
Sep-1914,7.68
Aug-1914,7.68
Jul-1914,7.68
Jun-1914,8.13
May-1914,8.17
Apr-1914,8.12
Mar-1914,8.32
Feb-1914,8.48
Jan-1914,8.37
Dec-1913,8.04
Nov-1913,8.05
Oct-1913,8.26
Sep-1913,8.53
Aug-1913,8.45
Jul-1913,8.23
Jun-1913,8.12
May-1913,8.55
Apr-1913,8.79
Mar-1913,8.80
Feb-1913,8.97
Jan-1913,9.30
Dec-1912,9.38
Nov-1912,9.73
Oct-1912,9.84
Sep-1912,9.86
Aug-1912,9.81
Jul-1912,9.59
Jun-1912,9.58
May-1912,9.58
Apr-1912,9.59
Mar-1912,9.30
Feb-1912,9.04
Jan-1912,9.12
Dec-1911,9.11
Nov-1911,9.07
Oct-1911,8.72
Sep-1911,8.67
Aug-1911,9.17
Jul-1911,9.63
Jun-1911,9.67
May-1911,9.48
Apr-1911,9.28
Mar-1911,9.32
Feb-1911,9.43
Jan-1911,9.27
Dec-1910,9.05
Nov-1910,9.31
Oct-1910,9.32
Sep-1910,8.91
Aug-1910,8.85
Jul-1910,8.64
Jun-1910,9.10
May-1910,9.56
Apr-1910,9.72
Mar-1910,9.96
Feb-1910,9.72
Jan-1910,10.08
Dec-1909,10.30
Nov-1909,10.18
Oct-1909,10.23
Sep-1909,10.19
Aug-1909,10.18
Jul-1909,9.94
Jun-1909,9.80
May-1909,9.63
Apr-1909,9.32
Mar-1909,8.92
Feb-1909,8.80
Jan-1909,9.06
Dec-1908,9.03
Nov-1908,8.83
Oct-1908,8.27
Sep-1908,8.17
Aug-1908,8.26
Jul-1908,7.92
Jun-1908,7.64
May-1908,7.63
Apr-1908,7.24
Mar-1908,6.87
Feb-1908,6.60
Jan-1908,6.85
Dec-1907,6.57
Nov-1907,6.25
Oct-1907,6.64
Sep-1907,7.45
Aug-1907,7.53
Jul-1907,8.14
Jun-1907,7.84
May-1907,8.10
Apr-1907,8.39
Mar-1907,8.35
Feb-1907,9.26
Jan-1907,9.56
Dec-1906,9.84
Nov-1906,9.93
Oct-1906,9.73
Sep-1906,10.03
Aug-1906,9.73
Jul-1906,9.06
Jun-1906,9.30
May-1906,9.18
Apr-1906,9.43
Mar-1906,9.56
Feb-1906,9.80
Jan-1906,9.87
Dec-1905,9.54
Nov-1905,9.31
Oct-1905,9.36
Sep-1905,9.23
Aug-1905,9.20
Jul-1905,8.87
Jun-1905,8.60
May-1905,8.50
Apr-1905,8.94
Mar-1905,9.05
Feb-1905,8.80
Jan-1905,8.43
Dec-1904,8.25
Nov-1904,8.17
Oct-1904,7.75
Sep-1904,7.32
Aug-1904,7.01
Jul-1904,6.78
Jun-1904,6.51
May-1904,6.50
Apr-1904,6.64
Mar-1904,6.48
Feb-1904,6.50
Jan-1904,6.68
Dec-1903,6.57
Nov-1903,6.28
Oct-1903,6.26
Sep-1903,6.47
Aug-1903,6.63
Jul-1903,6.85
Jun-1903,7.18
May-1903,7.60
Apr-1903,7.75
Mar-1903,8.08
Feb-1903,8.41
Jan-1903,8.46
Dec-1902,8.05
Nov-1902,8.24
Oct-1902,8.57
Sep-1902,8.85
Aug-1902,8.83
Jul-1902,8.60
Jun-1902,8.41
May-1902,8.46
Apr-1902,8.48
Mar-1902,8.20
Feb-1902,8.19
Jan-1902,8.12
Dec-1901,7.95
Nov-1901,8.08
Oct-1901,7.91
Sep-1901,8.00
Aug-1901,8.04
Jul-1901,7.93
Jun-1901,8.50
May-1901,7.73
Apr-1901,8.14
Mar-1901,7.51
Feb-1901,7.25
Jan-1901,7.07
Dec-1900,6.87
Nov-1900,6.48
Oct-1900,6.01
Sep-1900,5.80
Aug-1900,5.94
Jul-1900,5.86
Jun-1900,5.86
May-1900,6.04
Apr-1900,6.34
Mar-1900,6.26
Feb-1900,6.21
Jan-1900,6.10
Dec-1899,6.02
Nov-1899,6.46
Oct-1899,6.34
Sep-1899,6.37
Aug-1899,6.44
Jul-1899,6.28
Jun-1899,6.07
May-1899,6.21
Apr-1899,6.48
Mar-1899,6.40
Feb-1899,6.31
Jan-1899,6.08
Dec-1898,5.65
Nov-1898,5.32
Oct-1898,5.15
Sep-1898,5.26
Aug-1898,5.27
Jul-1898,5.08
Jun-1898,5.06
May-1898,4.87
Apr-1898,4.57
Mar-1898,4.65
Feb-1898,4.87
Jan-1898,4.88
Dec-1897,4.75
Nov-1897,4.65
Oct-1897,4.82
Sep-1897,4.98
Aug-1897,4.75
Jul-1897,4.46
Jun-1897,4.27
May-1897,4.08
Apr-1897,4.06
Mar-1897,4.19
Feb-1897,4.18
Jan-1897,4.22
Dec-1896,4.22
Nov-1896,4.38
Oct-1896,4.10
Sep-1896,4.01
Aug-1896,3.81
Jul-1896,4.04
Jun-1896,4.32
May-1896,4.40
Apr-1896,4.42
Mar-1896,4.38
Feb-1896,4.45
Jan-1896,4.27
Dec-1895,4.32
Nov-1895,4.59
Oct-1895,4.75
Sep-1895,4.82
Aug-1895,4.79
Jul-1895,4.72
Jun-1895,4.70
May-1895,4.61
Apr-1895,4.37
Mar-1895,4.19
Feb-1895,4.19
Jan-1895,4.25
Dec-1894,4.30
Nov-1894,4.34
Oct-1894,4.34
Sep-1894,4.48
Aug-1894,4.41
Jul-1894,4.25
Jun-1894,4.34
May-1894,4.40
Apr-1894,4.57
Mar-1894,4.51
Feb-1894,4.38
Jan-1894,4.32
Dec-1893,4.41
Nov-1893,4.57
Oct-1893,4.50
Sep-1893,4.37
Aug-1893,4.08
Jul-1893,4.18
Jun-1893,4.61
May-1893,4.84
Apr-1893,5.31
Mar-1893,5.31
Feb-1893,5.51
Jan-1893,5.61
Dec-1892,5.51
Nov-1892,5.57
Oct-1892,5.59
Sep-1892,5.48
Aug-1892,5.62
Jul-1892,5.54
Jun-1892,5.54
May-1892,5.57
Apr-1892,5.57
Mar-1892,5.58
Feb-1892,5.52
Jan-1892,5.51
Dec-1891,5.41
Nov-1891,5.25
Oct-1891,5.33
Sep-1891,5.33
Aug-1891,4.93
Jul-1891,4.77
Jun-1891,4.85
May-1891,4.95
Apr-1891,4.97
Mar-1891,4.81
Feb-1891,4.90
Jan-1891,4.84
Dec-1890,4.60
Nov-1890,4.71
Oct-1890,5.08
Sep-1890,5.32
Aug-1890,5.41
Jul-1890,5.54
Jun-1890,5.58
May-1890,5.62
Apr-1890,5.39
Mar-1890,5.28
Feb-1890,5.32
Jan-1890,5.38
Dec-1889,5.32
Nov-1889,5.35
Oct-1889,5.40
Sep-1889,5.50
Aug-1889,5.37
Jul-1889,5.30
Jun-1889,5.41
May-1889,5.32
Apr-1889,5.18
Mar-1889,5.19
Feb-1889,5.30
Jan-1889,5.24
Dec-1888,5.14
Nov-1888,5.24
Oct-1888,5.35
Sep-1888,5.38
Aug-1888,5.25
Jul-1888,5.14
Jun-1888,5.01
May-1888,5.17
Apr-1888,5.10
Mar-1888,5.08
Feb-1888,5.28
Jan-1888,5.31
Dec-1887,5.27
Nov-1887,5.30
Oct-1887,5.20
Sep-1887,5.38
Aug-1887,5.45
Jul-1887,5.59
Jun-1887,5.73
May-1887,5.90
Apr-1887,5.80
Mar-1887,5.67
Feb-1887,5.54
Jan-1887,5.58
Dec-1886,5.64
Nov-1886,5.79
Oct-1886,5.65
Sep-1886,5.51
Aug-1886,5.37
Jul-1886,5.33
Jun-1886,5.25
May-1886,5.02
Apr-1886,5.12
Mar-1886,5.19
Feb-1886,5.30
Jan-1886,5.20
Dec-1885,5.20
Nov-1885,5.24
Oct-1885,4.92
Sep-1885,4.65
Aug-1885,4.71
Jul-1885,4.46
Jun-1885,4.30
May-1885,4.32
Apr-1885,4.37
Mar-1885,4.38
Feb-1885,4.37
Jan-1885,4.24
Dec-1884,4.34
Nov-1884,4.35
Oct-1884,4.44
Sep-1884,4.59
Aug-1884,4.74
Jul-1884,4.46
Jun-1884,4.46
May-1884,4.65
Apr-1884,5.06
Mar-1884,5.30
Feb-1884,5.32
Jan-1884,5.18
Dec-1883,5.34
Nov-1883,5.46
Oct-1883,5.38
Sep-1883,5.53
Aug-1883,5.47
Jul-1883,5.73
Jun-1883,5.82
May-1883,5.77
Apr-1883,5.87
Mar-1883,5.75
Feb-1883,5.68
Jan-1883,5.81
Dec-1882,5.84
Nov-1882,5.81
Oct-1882,6.07
Sep-1882,6.24
Aug-1882,6.18
Jul-1882,6.00
Jun-1882,5.68
May-1882,5.71
Apr-1882,5.78
Mar-1882,5.78
Feb-1882,5.79
Jan-1882,5.92
Dec-1881,6.01
Nov-1881,6.19
Oct-1881,6.15
Sep-1881,6.25
Aug-1881,6.20
Jul-1881,6.35
Jun-1881,6.58
May-1881,6.50
Apr-1881,6.22
Mar-1881,6.24
Feb-1881,6.17
Jan-1881,6.19
Dec-1880,5.84
Nov-1880,5.61
Oct-1880,5.33
Sep-1880,5.18
Aug-1880,5.19
Jul-1880,5.01
Jun-1880,4.79
May-1880,4.77
Apr-1880,5.18
Mar-1880,5.30
Feb-1880,5.20
Jan-1880,5.11
Dec-1879,4.92
Nov-1879,4.93
Oct-1879,4.68
Sep-1879,4.22
Aug-1879,4.07
Jul-1879,4.04
Jun-1879,3.96
May-1879,3.94
Apr-1879,3.77
Mar-1879,3.65
Feb-1879,3.71
Jan-1879,3.58
Dec-1878,3.45
Nov-1878,3.47
Oct-1878,3.48
Sep-1878,3.52
Aug-1878,3.45
Jul-1878,3.48
Jun-1878,3.41
May-1878,3.34
Apr-1878,3.33
Mar-1878,3.24
Feb-1878,3.18
Jan-1878,3.25
Dec-1877,3.25
Nov-1877,3.26
Oct-1877,3.31
Sep-1877,3.24
Aug-1877,3.05
Jul-1877,2.85
Jun-1877,2.73
May-1877,2.94
Apr-1877,2.94
Mar-1877,3.17
Feb-1877,3.34
Jan-1877,3.55
Dec-1876,3.58
Nov-1876,3.60
Oct-1876,3.67
Sep-1876,3.69
Aug-1876,3.93
Jul-1876,4.10
Jun-1876,4.15
May-1876,4.18
Apr-1876,4.34
Mar-1876,4.51
Feb-1876,4.52
Jan-1876,4.46
Dec-1875,4.37
Nov-1875,4.37
Oct-1875,4.30
Sep-1875,4.37
Aug-1875,4.41
Jul-1875,4.39
Jun-1875,4.38
May-1875,4.47
Apr-1875,4.65
Mar-1875,4.59
Feb-1875,4.53
Jan-1875,4.54
Dec-1874,4.54
Nov-1874,4.57
Oct-1874,4.53
Sep-1874,4.54
Aug-1874,4.47
Jul-1874,4.46
Jun-1874,4.46
May-1874,4.48
Apr-1874,4.60
Mar-1874,4.73
Feb-1874,4.80
Jan-1874,4.66
Dec-1873,4.42
Nov-1873,4.04
Oct-1873,4.19
Sep-1873,4.59
Aug-1873,4.97
Jul-1873,4.97
Jun-1873,4.98
May-1873,5.05
Apr-1873,5.04
Mar-1873,5.11
Feb-1873,5.15
Jan-1873,5.11
Dec-1872,5.07
Nov-1872,4.95
Oct-1872,4.97
Sep-1872,4.95
Aug-1872,5.04
Jul-1872,5.10
Jun-1872,5.13
May-1872,5.18
Apr-1872,5.18
Mar-1872,5.04
Feb-1872,4.88
Jan-1872,4.86
Dec-1871,4.74
Nov-1871,4.64
Oct-1871,4.59
Sep-1871,4.84
Aug-1871,4.79
Jul-1871,4.73
Jun-1871,4.82
May-1871,4.86
Apr-1871,4.74
Mar-1871,4.61
Feb-1871,4.50
Jan-1871,4.44